,Unnamed: 0,station_id,station_name,station_latitude,station_longitude,count_x,count_y,total_counts
0,0,72,W 52 St & 11 Ave,40.76727216,-73.99392888,67674.0,68006,135680.0
1,1,79,Franklin St & W Broadway,40.71911552,-74.00666661,51072.0,52009,103081.0
2,2,82,St James Pl & Pearl St,40.71117416,-74.00016545,21452.0,21590,43042.0
3,3,83,Atlantic Ave & Fort Greene Pl,40.68382604,-73.97632328,26546.0,28653,55199.0
4,4,116,W 17 St & 8 Ave,40.74177603,-74.00149746,78166.0,78911,157077.0
5,5,119,Park Ave & St Edwards St,40.69608941,-73.97803415,5565.0,5907,11472.0
6,6,120,Lexington Ave & Classon Ave,40.68676793,-73.95928168,15119.0,14173,29292.0
7,7,127,Barrow St & Hudson St,40.73172428,-74.00674436,110949.0,112198,223147.0
8,8,128,MacDougal St & Prince St,40.72710258,-74.00297088,108782.0,111257,220039.0
9,9,137,E 56 St & Madison Ave,40.761628,-73.972924,21007.0,22539,43546.0
10,10,143,Clinton St & Joralemon St,40.69239502,-73.99337909,31847.0,31898,63745.0
11,11,144,Nassau St & Navy St,40.69839895,-73.98068914,13503.0,14505,28008.0
12,12,146,Hudson St & Reade St,40.71625008,-74.0091059,50397.0,50558,100955.0
13,13,147,Greenwich St & Warren St,40.71542197,-74.01121978,49994.0,52179,102173.0
14,14,150,E 2 St & Avenue C,40.7208736,-73.98085795,49474.0,47802,97276.0
15,15,151,Cleveland Pl & Spring St,40.72210379,-73.99724901,144648.0,145329,289977.0
16,16,152,Warren St & Church St,40.71473993,-74.00910627,31235.0,32085,63320.0
17,17,153,E 40 St & 5 Ave,40.75206231,-73.9816324,49368.0,46668,96036.0
18,18,157,Henry St & Atlantic Ave,40.69089272,-73.99612349,31688.0,32653,64341.0
19,19,160,E 37 St & Lexington Ave,40.748158,-73.978462,17548.0,17549,35097.0
20,20,161,LaGuardia Pl & W 3 St,40.72917025,-73.99810231,91701.0,93795,185496.0
21,21,164,E 47 St & 2 Ave,40.75323098,-73.97032517,54636.0,54286,108922.0
22,22,167,E 39 St & 3 Ave,40.7489006,-73.97604882,81919.0,80134,162053.0
23,23,168,W 18 St & 6 Ave,40.73971301,-73.99456405,128371.0,131896,260267.0
24,24,173,Broadway & W 49 St,40.76068327,-73.98452729,99553.0,97939,197492.0
25,25,174,E 25 St & 1 Ave,40.7381765,-73.97738662,66129.0,65587,131716.0
26,26,195,Liberty St & Broadway,40.70905623,-74.01043382,71007.0,70402,141409.0
27,27,212,W 16 St & The High Line,40.74334935,-74.00681753,83193.0,84062,167255.0
28,28,216,Columbia Heights & Cranberry St,40.70037867,-73.99548059,14091.0,12190,26281.0
29,29,217,Old Fulton St,40.70277159,-73.99383605,49224.0,55722,104946.0
30,30,218,Gallatin Pl & Livingston St,40.69028437,-73.98707105,3366.0,3752,7118.0
31,31,223,W 13 St & 7 Ave,40.73781509,-73.99994661,67938.0,68270,136208.0
32,32,224,Spruce St & Nassau St,40.71146364,-74.00552427,31530.0,31384,62914.0
33,33,225,W 14 St & The High Line,40.74195138,-74.00803013,35425.0,38576,74001.0
34,34,228,E 48 St & 3 Ave,40.7546011,-73.97187886,49764.0,49928,99692.0
35,35,229,Great Jones St,40.72743423,-73.99379025,115498.0,118690,234188.0
36,36,232,Cadman Plaza E & Tillary St,40.69597683,-73.99014892,19895.0,19774,39669.0
37,37,233,Cadman Plaza W & Pierrepont St,40.69475701,-73.99052739,11178.0,10745,21923.0
38,38,236,St Marks Pl & 2 Ave,40.7284186,-73.98713956,94428.0,96967,191395.0
39,39,237,E 11 St & 2 Ave,40.73047309,-73.98672378,96422.0,97898,194320.0
40,40,238,Bank St & Washington St,40.7361967,-74.00859207,56198.0,56644,112842.0
41,41,239,Willoughby St & Fleet St,40.69196566,-73.9813018,33358.0,31153,64511.0
42,42,241,DeKalb Ave & S Portland Ave,40.68981035,-73.97493121,22283.0,20942,43225.0
43,43,242,Carlton Ave & Flushing Ave,40.697787,-73.973736,18826.0,20314,39140.0
44,44,243,Fulton St & Rockwell Pl,40.688226,-73.979382,21604.0,25476,47080.0
45,45,244,Willoughby Ave & Hall St,40.69196035,-73.96536851,23736.0,22174,45910.0
46,46,245,Myrtle Ave & St Edwards St,40.69327018,-73.97703874,11657.0,10332,21989.0
47,47,247,Perry St & Bleecker St,40.73535398,-74.00483091,51856.0,52233,104089.0
48,48,248,Laight St & Hudson St,40.72185379,-74.00771779,20788.0,20920,41708.0
49,49,249,Harrison St & Hudson St,40.71870987,-74.0090009,34284.0,34407,68691.0
50,50,250,Lafayette St & Jersey St N,40.72456089,-73.99565293,52526.0,52958,105484.0
51,51,251,Mott St & Prince St,40.72317958,-73.99480012,93423.0,94763,188186.0
52,52,252,MacDougal St & Washington Sq,40.73226398,-73.99852205,65050.0,65503,130553.0
53,53,253,W 13 St & 5 Ave,40.73543934,-73.99453948,44498.0,44866,89364.0
54,54,254,W 11 St & 6 Ave,40.73532427,-73.99800419,56815.0,57091,113906.0
55,55,255,NYCBS Depot - SSP,40.646768,-74.01651,510.0,555,1065.0
56,56,257,Lispenard St & Broadway,40.71939226,-74.00247214,62831.0,64215,127046.0
57,57,258,DeKalb Ave & Vanderbilt Ave,40.68940747,-73.96885458,25868.0,21790,47658.0
58,58,259,South St & Whitehall St,40.70122128,-74.01234218,48611.0,50095,98706.0
59,59,260,Broad St & Bridge St,40.70365182,-74.01167797,25334.0,27648,52982.0
60,60,261,Johnson St & Gold St,40.69474881,-73.98362464,24313.0,24641,48954.0
61,61,262,Washington Park,40.6917823,-73.97372990000002,19039.0,16166,35205.0
62,62,263,Elizabeth St & Hester St,40.71759082,-73.9962244,33089.0,33005,66094.0
63,63,264,Maiden Ln & Pearl St,40.70706456,-74.00731853,42945.0,43897,86842.0
64,64,265,Stanton St & Chrystie St,40.72229346,-73.99147535,74975.0,76895,151870.0
65,65,266,Avenue D & E 8 St,40.72368361,-73.97574813,27641.0,26274,53915.0
66,66,267,Broadway & W 36 St,40.75097711,-73.98765428,58066.0,55033,113099.0
67,67,268,Howard St & Centre St,40.71910537,-73.99973337,71684.0,72236,143920.0
68,68,270,Adelphi St & Myrtle Ave,40.69308257,-73.97178913,28215.0,27652,55867.0
69,69,271,Ashland Pl & Hanson Pl,40.68522672,-73.97800148,10108.0,10497,20605.0
70,70,274,Lafayette Ave & Fort Greene Pl,40.68691865,-73.976682,25845.0,27295,53140.0
71,71,275,Washington Ave & Greene Ave,40.68650065,-73.96563307,15016.0,13779,28795.0
72,72,276,Duane St & Greenwich St,40.71748752,-74.0104554,40267.0,40459,80726.0
73,73,278,Concord St & Bridge St,40.69766564,-73.98476437,14081.0,13614,27695.0
74,74,279,Peck Slip & Front St,40.707873,-74.00166999999998,53383.0,55029,108412.0
75,75,280,E 10 St & 5 Ave,40.73331967,-73.99510132,60672.0,61151,121823.0
76,76,281,Grand Army Plaza & Central Park S,40.7643971,-73.97371465,123871.0,114520,238391.0
77,77,282,Kent Ave & S 11 St,40.70764494,-73.96841526,26601.0,26796,53397.0
78,78,284,Greenwich Ave & 8 Ave,40.73901691,-74.00263761,115862.0,119607,235469.0
79,79,285,Broadway & E 14 St,40.73454567,-73.99074142,166521.0,166909,333430.0
80,80,289,Monroe St & Classon Ave,40.6845683,-73.95881081,11207.0,8732,19939.0
81,81,290,2 Ave & E 58 St,40.76020258,-73.96478473,19392.0,18939,38331.0
82,82,291,Madison St & Montgomery St,40.713126,-73.984844,29548.0,29580,59128.0
83,83,293,Lafayette St & E 8 St,40.73020661,-73.99102628,160313.0,161792,322105.0
84,84,294,Washington Square E,40.73049393,-73.99572140000002,27718.0,27846,55564.0
85,85,295,Pike St & E Broadway,40.71406667,-73.99293911,46212.0,46250,92462.0
86,86,296,Division St & Bowery,40.71413089,-73.99704679999998,53803.0,55042,108845.0
87,87,297,E 15 St & 3 Ave,40.734232,-73.986923,94787.0,95620,190407.0
88,88,298,3 Ave & Schermerhorn St,40.68683208,-73.9796772,12781.0,13474,26255.0
89,89,300,Shevchenko Pl & E 7 St,40.728145,-73.990214,29460.0,30325,59785.0
90,90,301,E 2 St & Avenue B,40.72217444,-73.98368779,80317.0,82823,163140.0
91,91,302,Avenue D & E 3 St,40.72082834,-73.97793172,35916.0,36079,71995.0
92,92,303,Mercer St & Spring St,40.72362738,-73.99949601,64994.0,68487,133481.0
93,93,304,Broadway & Battery Pl,40.70463334,-74.01361706,76379.0,84674,161053.0
94,94,305,E 58 St & 3 Ave,40.76095756,-73.96724467,79221.0,79910,159131.0
95,95,306,Cliff St & Fulton St,40.70823502,-74.00530063,38795.0,39527,78322.0
96,96,307,Canal St & Rutgers St,40.71427487,-73.98990025,83419.0,83058,166477.0
97,97,308,St James Pl & Oliver St,40.71307916,-73.99851193,39822.0,40280,80102.0
98,98,309,Murray St & West St,40.7149787,-74.013012,54894.0,58554,113448.0
99,99,310,State St & Smith St,40.68926942,-73.98912867,32685.0,33949,66634.0
100,100,311,Norfolk St & Broome St,40.7172274,-73.98802084,55254.0,56128,111382.0
101,101,312,Allen St & Stanton St,40.722055,-73.989111,90273.0,90603,180876.0
102,102,313,Washington Ave & Park Ave,40.69610226,-73.96751037,22525.0,23870,46395.0
103,103,314,Cadman Plaza West & Montague St,40.69383,-73.990539,26548.0,25010,51558.0
104,104,315,South St & Gouverneur Ln,40.70355377,-74.00670227,68850.0,70020,138870.0
105,105,316,Fulton St & William St,40.70955958,-74.00653609,43571.0,43444,87015.0
106,106,317,E 6 St & Avenue B,40.72453734,-73.98185424,72197.0,73157,145354.0
107,107,318,E 43 St & Vanderbilt Ave,40.75320159,-73.9779874,39750.0,36904,76654.0
108,108,319,Fulton St & Broadway,40.711066,-74.009447,58266.0,58478,116744.0
109,109,320,Leonard St & Church St,40.717571,-74.005549,45537.0,45633,91170.0
110,110,321,Cadman Plaza E & Red Cross Pl,40.69991755,-73.98971773,30180.0,29077,59257.0
111,111,322,Clinton St & Tillary St,40.696192,-73.991218,19321.0,18846,38167.0
112,112,323,Lawrence St & Willoughby St,40.69236178,-73.98631746,45587.0,45817,91404.0
113,113,324,DeKalb Ave & Hudson Ave,40.689888,-73.981013,36027.0,50427,86454.0
114,114,325,E 19 St & 3 Ave,40.73624527,-73.98473765,67243.0,66887,134130.0
115,115,326,E 11 St & 1 Ave,40.72953837,-73.98426726,85020.0,85186,170206.0
116,116,327,Vesey Pl & River Terrace,40.7153379,-74.01658354,125222.0,124943,250165.0
117,117,328,Watts St & Greenwich St,40.72405549,-74.00965965,63174.0,63610,126784.0
118,118,329,Greenwich St & North Moore St,40.72015227,-74.01036501,37261.0,38649,75910.0
119,119,330,Reade St & Broadway,40.71450451,-74.00562789,44927.0,44590,89517.0
120,120,331,Pike St & Monroe St,40.71173107,-73.99193043,29418.0,29429,58847.0
121,121,332,Cherry St,40.71219906,-73.97948148,32412.0,32432,64844.0
122,122,334,W 20 St & 7 Ave,40.74238787,-73.99726235,91842.0,92034,183876.0
123,123,335,Washington Pl & Broadway,40.72903917,-73.99404649,75207.0,75767,150974.0
124,124,336,Sullivan St & Washington Sq,40.73047747,-73.99906065,83221.0,85423,168644.0
125,125,337,Old Slip & Front St,40.70379920000001,-74.00838676,34498.0,38620,73118.0
126,126,339,Avenue D & E 12 St,40.72580614,-73.97422494,20062.0,18140,38202.0
127,127,340,Madison St & Clinton St,40.71269042,-73.98776323,33560.0,33482,67042.0
128,128,341,Stanton St & Mangin St,40.71782143,-73.97628939,29645.0,29683,59328.0
129,129,342,Columbia St & Rivington St,40.71739973,-73.98016555,34473.0,34385,68858.0
130,130,343,Clinton Ave & Flushing Ave,40.69794,-73.96986848,15162.0,16804,31966.0
131,131,344,Monroe St & Bedford Ave,40.6851443,-73.95380904,15734.0,15351,31085.0
132,132,345,W 13 St & 6 Ave,40.73649403,-73.99704374,73326.0,73497,146823.0
133,133,346,Bank St & Hudson St,40.73652889,-74.00618026,69290.0,70072,139362.0
134,134,347,Greenwich St & W Houston St,40.728846,-74.00859100000002,98398.0,101197,199595.0
135,135,348,W Broadway & Spring St,40.72490985,-74.00154702,53701.0,57646,111347.0
136,136,349,Rivington St & Ridge St,40.71850211,-73.98329859,38320.0,37289,75609.0
137,137,350,Clinton St & Grand St,40.71559509,-73.9870295,57897.0,57912,115809.0
138,138,351,Front St & Maiden Ln,40.70530954,-74.00612572,43768.0,45434,89202.0
139,139,352,W 56 St & 6 Ave,40.76340613,-73.97722479,37226.0,38871,76097.0
140,140,353,S Portland Ave & Hanson Pl,40.68539567,-73.97431458,16772.0,16911,33683.0
141,141,354,Emerson Pl & Myrtle Ave,40.69363137,-73.96223558,19559.0,19687,39246.0
142,142,355,Bayard St & Baxter St,40.71602118,-73.99974372,62396.0,63384,125780.0
143,143,356,Bialystoker Pl & Delancey St,40.71622644,-73.98261206,37138.0,32537,69675.0
144,144,357,E 11 St & Broadway,40.73261787,-73.99158043,46601.0,46505,93106.0
145,145,358,Christopher St & Greenwich St,40.73291553,-74.00711384,140271.0,142631,282902.0
146,146,359,E 47 St & Park Ave,40.75510267,-73.97498696,115720.0,115590,231310.0
147,147,360,William St & Pine St,40.70717936,-74.00887308,41193.0,40733,81926.0
148,148,361,Allen St & Hester St,40.71605866,-73.99190759,76349.0,75922,152271.0
149,149,362,Broadway & W 37 St,40.75172632,-73.98753523,49648.0,45713,95361.0
150,150,363,West Thames St,40.70834698,-74.01713445,74001.0,73193,147194.0
151,151,364,Lafayette Ave & Classon Ave,40.68900443,-73.96023854,19693.0,18425,38118.0
152,152,365,Fulton St & Grand Ave,40.68223166,-73.9614583,16090.0,15356,31446.0
153,153,366,Clinton Ave & Myrtle Ave,40.693261,-73.968896,34851.0,33800,68651.0
154,154,367,E 53 St & Lexington Ave,40.75828065,-73.97069431,27806.0,27835,55641.0
155,155,368,Carmine St & 6 Ave,40.73038599,-74.00214988,140189.0,143717,283906.0
156,156,369,Washington Pl & 6 Ave,40.73224119,-74.00026394,55215.0,55409,110624.0
157,157,372,Franklin Ave & Myrtle Ave,40.69454609,-73.95801365,9358.0,9360,18718.0
158,158,373,Willoughby Ave & Walworth St,40.69331716,-73.95381995,10712.0,11101,21813.0
159,159,375,Mercer St & Bleecker St S,40.72679454,-73.99695094,36753.0,37775,74528.0
160,160,376,John St & William St,40.70862144,-74.00722156,40427.0,40200,80627.0
161,161,377,6 Ave & Canal St,40.72243797,-74.00566443,66136.0,70744,136880.0
162,162,379,W 31 St & 7 Ave,40.749156,-73.9916,130168.0,128642,258810.0
163,163,380,W 4 St & 7 Ave S,40.73401143,-74.00293877,101590.0,102318,203908.0
164,164,382,University Pl & E 14 St,40.73492695,-73.99200509,126875.0,131059,257934.0
165,165,383,Greenwich Ave & Charles St,40.735238,-74.000271,79515.0,79356,158871.0
166,166,384,Fulton St & Washington Ave,40.683048,-73.964915,14389.0,14565,28954.0
167,167,385,E 55 St & 2 Ave,40.75797322,-73.96603308,43952.0,43770,87722.0
168,168,386,Centre St & Worth St,40.71494807,-74.00234482,47177.0,47104,94281.0
169,169,387,Centre St & Chambers St,40.71273266,-74.0046073,118548.0,117405,235953.0
170,170,388,W 26 St & 10 Ave,40.74971775,-74.00295035,80003.0,81421,161424.0
171,171,389,Broadway & Berry St,40.71044554,-73.96525063,30907.0,30219,61126.0
172,172,390,Duffield St & Willoughby St,40.69221589,-73.9842844,24785.0,24723,49508.0
173,173,391,Clark St & Henry St,40.69760127,-73.99344559,42625.0,36148,78773.0
174,174,392,Jay St & Tech Pl,40.695065,-73.987167,32848.0,34308,67156.0
175,175,393,E 5 St & Avenue C,40.72299208,-73.97995466,40697.0,40543,81240.0
176,176,394,E 9 St & Avenue C,40.72521311,-73.97768752,66273.0,64888,131161.0
177,177,395,Bond St & Schermerhorn St,40.68807003,-73.98410637,14096.0,14159,28255.0
178,178,396,Lefferts Pl & Franklin Ave,40.68034242,-73.95576894,15974.0,15772,31746.0
179,179,397,Fulton St & Clermont Ave,40.68415748,-73.96922273,14002.0,12895,26897.0
180,180,398,Atlantic Ave & Furman St,40.69165183,-73.99997859999998,32901.0,35698,68599.0
181,181,399,Lafayette Ave & St James Pl,40.68851534,-73.9647628,21919.0,16649,38568.0
182,182,400,Pitt St & Stanton St,40.71926081,-73.98178024,16240.0,16157,32397.0
183,183,401,Allen St & Rivington St,40.72019576,-73.98997825,86268.0,86123,172391.0
184,184,402,Broadway & E 22 St,40.74034320000001,-73.98955109,176745.0,185584,362329.0
185,185,403,E 2 St & 2 Ave,40.72502876,-73.99069656,62043.0,63315,125358.0
186,186,404,9 Ave & W 14 St,40.7405826,-74.00550867,27594.0,28925,56519.0
187,187,405,Washington St & Gansevoort St,40.739323,-74.008119,94948.0,96172,191120.0
188,188,406,Hicks St & Montague St,40.69512845,-73.99595065,33209.0,31724,64933.0
189,189,407,Henry St & Poplar St,40.700469,-73.991454,14127.0,12381,26508.0
190,190,408,Market St & Cherry St,40.71076228,-73.99400398,28752.0,29289,58041.0
191,191,409,DeKalb Ave & Skillman St,40.6906495,-73.95643107,9994.0,9506,19500.0
192,192,410,Suffolk St & Stanton St,40.72066442,-73.98517977,79947.0,80614,160561.0
193,193,411,E 6 St & Avenue D,40.72228087,-73.97668709,36152.0,36115,72267.0
194,194,412,Forsyth St & Canal St,40.71581550000001,-73.99422366,64873.0,65247,130120.0
195,195,414,Pearl St & Anchorage Pl,40.70281858,-73.98765762,25467.0,27914,53381.0
196,196,415,Pearl St & Hanover Square,40.7047177,-74.00926027,44019.0,48367,92386.0
197,197,416,Cumberland St & Lafayette Ave,40.68753406,-73.97265183,22548.0,20486,43034.0
198,198,417,Barclay St & Church St,40.71291224,-74.01020234,92698.0,93265,185963.0
199,199,418,Front St & Gold St,40.70224,-73.982578,18282.0,19680,37962.0
200,200,419,Carlton Ave & Park Ave,40.69580705,-73.97355569,13529.0,13306,26835.0
201,201,420,Clermont Ave & Lafayette Ave,40.68764484,-73.96968902,15688.0,13451,29139.0
202,202,421,Clermont Ave & Park Ave,40.69573398,-73.97129668,11673.0,10984,22657.0
203,203,422,W 59 St & 10 Ave,40.770513,-73.988038,52695.0,50976,103671.0
204,204,423,W 54 St & 9 Ave,40.76584941,-73.98690506,47945.0,46668,94613.0
205,205,426,West St & Chambers St,40.71754834,-74.01322069,176084.0,185730,361814.0
206,206,427,Bus Slip & State St,40.701907,-74.013942,45554.0,47736,93290.0
207,207,428,E 3 St & 1 Ave,40.72467721,-73.98783413,52797.0,52605,105402.0
208,208,430,York St & Jay St,40.7014851,-73.98656928,33026.0,34151,67177.0
209,209,431,Hanover Pl & Livingston St,40.68864636,-73.98263429,1796.0,1818,3614.0
210,210,432,E 7 St & Avenue A,40.72621788,-73.98379855,107952.0,110043,217995.0
211,211,433,E 13 St & Avenue A,40.72955361,-73.98057249,70514.0,68843,139357.0
212,212,434,9 Ave & W 18 St,40.74317449,-74.00366443,60174.0,62281,122455.0
213,213,435,W 21 St & 6 Ave,40.74173969,-73.99415556,185935.0,187681,373616.0
214,214,436,Hancock St & Bedford Ave,40.68216564,-73.95399026,10126.0,9076,19202.0
215,215,437,Macon St & Nostrand Ave,40.68098339,-73.95004798,21094.0,20340,41434.0
216,216,438,St Marks Pl & 1 Ave,40.72779126,-73.98564945,81028.0,82211,163239.0
217,217,439,E 4 St & 2 Ave,40.7262807,-73.98978041,77269.0,78972,156241.0
218,218,440,E 45 St & 3 Ave,40.75255434,-73.97282625,57139.0,57465,114604.0
219,219,441,E 52 St & 2 Ave,40.756014,-73.967416,45989.0,46004,91993.0
220,220,442,W 27 St & 7 Ave,40.746647,-73.993915,105386.0,104517,209903.0
221,221,443,Bedford Ave & S 9 St,40.70853074,-73.96408963,8308.0,7142,15450.0
222,222,444,Broadway & W 24 St,40.7423543,-73.98915076,86069.0,84537,170606.0
223,223,445,E 10 St & Avenue A,40.72740794,-73.98142006,105542.0,108568,214110.0
224,224,446,W 24 St & 7 Ave,40.74487634,-73.99529885,114820.0,115145,229965.0
225,225,447,8 Ave & W 52 St,40.76370739,-73.9851615,81898.0,79483,161381.0
226,226,448,W 37 St & 10 Ave,40.75660359,-73.9979009,73223.0,73690,146913.0
227,227,449,W 52 St & 9 Ave,40.76461837,-73.98789473,34240.0,31707,65947.0
228,228,450,W 49 St & 8 Ave,40.76227205,-73.98788205,91055.0,88416,179471.0
229,229,453,W 22 St & 8 Ave,40.74475148,-73.99915362,98171.0,99861,198032.0
230,230,454,E 51 St & 1 Ave,40.75455731,-73.96592976,39789.0,40140,79929.0
231,231,455,1 Ave & E 44 St,40.75001986,-73.96905301,53799.0,54825,108624.0
232,232,456,E 53 St & Madison Ave,40.75971079999999,-73.97402311,52013.0,53976,105989.0
233,233,457,Broadway & W 58 St,40.76695317,-73.98169333,92855.0,89026,181881.0
234,234,458,11 Ave & W 27 St,40.751396,-74.00522600000002,96959.0,99404,196363.0
235,235,459,W 20 St & 11 Ave,40.746745,-74.007756,147776.0,154144,301920.0
236,236,460,S 4 St & Wythe Ave,40.71285887,-73.96590294,43874.0,44185,88059.0
237,237,461,E 20 St & 2 Ave,40.73587678,-73.98205027,94987.0,94355,189342.0
238,238,462,W 22 St & 10 Ave,40.74691959,-74.00451887,109324.0,111147,220471.0
239,239,463,9 Ave & W 16 St,40.74206539,-74.00443172,36029.0,37367,73396.0
240,240,464,E 56 St & 3 Ave,40.75934501,-73.96759673,14417.0,14652,29069.0
241,241,465,Broadway & W 41 St,40.75513557,-73.98658032,104916.0,99071,203987.0
242,242,466,W 25 St & 6 Ave,40.74395411,-73.99144871,99532.0,100131,199663.0
243,243,467,Dean St & 4 Ave,40.68312489,-73.97895137,35446.0,37361,72807.0
244,244,468,Broadway & W 56 St,40.7652654,-73.98192338,90878.0,84493,175371.0
245,245,469,Broadway & W 53 St,40.76344058,-73.98268129,66209.0,60066,126275.0
246,246,470,W 20 St & 8 Ave,40.74345335,-74.00004031,75934.0,76609,152543.0
247,247,471,Grand St & Havemeyer St,40.71286844,-73.95698119,27518.0,28534,56052.0
248,248,472,E 32 St & Park Ave,40.74571210000001,-73.98194829,109666.0,107933,217599.0
249,249,473,Rivington St & Chrystie St,40.72110063,-73.99192540000001,53370.0,54565,107935.0
250,250,474,5 Ave & E 29 St,40.7451677,-73.98683077,87164.0,86053,173217.0
251,251,475,E 15 St & Irving Pl,40.73524276,-73.98758561,38662.0,38462,77124.0
252,252,476,E 31 St & 3 Ave,40.74394314,-73.97966069,83745.0,82967,166712.0
253,253,477,W 41 St & 8 Ave,40.75640548,-73.9900262,147654.0,149906,297560.0
254,254,478,11 Ave & W 41 St,40.76030096,-73.99884222,81580.0,83114,164694.0
255,255,479,9 Ave & W 45 St,40.76019252,-73.9912551,98923.0,99003,197926.0
256,256,480,W 53 St & 10 Ave,40.76669671,-73.99061728,61608.0,61595,123203.0
257,257,481,S 3 St & Bedford Ave,40.71260486,-73.96264403,32262.0,30932,63194.0
258,258,482,W 15 St & 7 Ave,40.73935542,-73.99931783,100200.0,102039,202239.0
259,259,483,E 12 St & 3 Ave,40.73223272,-73.98889957,93614.0,94406,188020.0
260,260,484,W 44 St & 5 Ave,40.75500254,-73.98014437,71519.0,73990,145509.0
261,261,485,W 37 St & 5 Ave,40.75038009,-73.98338988,65056.0,63881,128937.0
262,262,486,Broadway & W 29 St,40.7462009,-73.98855723,99401.0,99093,198494.0
263,263,487,E 20 St & FDR Drive,40.73314259,-73.97573881,80501.0,78958,159459.0
264,264,488,W 39 St & 9 Ave,40.75645824,-73.99372222,56424.0,57822,114246.0
265,265,489,10 Ave & W 28 St,40.75066386,-74.00176802,40780.0,40936,81716.0
266,266,490,8 Ave & W 33 St,40.751551,-73.993934,156202.0,149137,305339.0
267,267,491,E 24 St & Park Ave S,40.74096374,-73.98602213,99037.0,101047,200084.0
268,268,492,W 33 St & 7 Ave,40.75019995,-73.99093085,121791.0,130850,252641.0
269,269,493,W 45 St & 6 Ave (1),40.7568001,-73.98291153,48511.0,50293,98804.0
270,270,494,W 26 St & 8 Ave,40.74734825,-73.99723551,101312.0,101262,202574.0
271,271,495,W 47 St & 10 Ave,40.76269882,-73.99301222,68694.0,68836,137530.0
272,272,496,E 16 St & 5 Ave,40.73726186,-73.99238967,102296.0,103405,205701.0
273,273,497,E 17 St & Broadway,40.73704984,-73.99009296,197647.0,206284,403931.0
274,274,498,Broadway & W 32 St,40.74854862,-73.98808416,84758.0,82850,167608.0
275,275,499,Broadway & W 60 St,40.76915505,-73.98191841,141192.0,137346,278538.0
276,276,500,Broadway & W 51 St,40.76228826,-73.98336183,67606.0,63888,131494.0
277,277,501,FDR Drive & E 35 St,40.744219,-73.97121214,74309.0,73267,147576.0
278,278,502,Henry St & Grand St,40.714215,-73.981346,50011.0,50202,100213.0
279,279,503,E 20 St & Park Ave,40.73827428,-73.98751968,80719.0,80835,161554.0
280,280,504,1 Ave & E 16 St,40.73221853,-73.98165557,118148.0,117966,236114.0
281,281,505,6 Ave & W 33 St,40.74901271,-73.98848395,115745.0,114782,230527.0
282,282,507,E 25 St & 2 Ave,40.73912601,-73.97973776,96064.0,94401,190465.0
283,283,508,W 46 St & 11 Ave,40.76341379,-73.99667444,65570.0,65627,131197.0
284,284,509,9 Ave & W 22 St,40.7454973,-74.00197139,103616.0,106036,209652.0
285,285,510,W 51 St & 6 Ave,40.7606597,-73.98042047,30101.0,34751,64852.0
286,286,511,E 14 St & Avenue B,40.72938685,-73.97772429,54833.0,49270,104103.0
287,287,512,W 29 St & 9 Ave,40.7500727,-73.99839279,22378.0,22183,44561.0
288,288,513,W 56 St & 10 Ave,40.768254,-73.988639,53246.0,52688,105934.0
289,289,514,12 Ave & W 40 St,40.76087502,-74.00277668,136136.0,143258,279394.0
290,290,515,W 43 St & 10 Ave,40.76009437,-73.99461843,78088.0,80081,158169.0
291,291,516,E 47 St & 1 Ave,40.75206862,-73.96784384,31689.0,31733,63422.0
292,292,517,Pershing Square South,40.751581,-73.97791,99136.0,85350,184486.0
293,293,518,E 39 St & 2 Ave,40.74780373,-73.97344190000003,102154.0,101163,203317.0
294,294,519,Pershing Square North,40.751873,-73.97770600000003,258342.0,245521,503863.0
295,295,520,W 52 St & 5 Ave,40.75992262,-73.97648516,77888.0,83135,161023.0
296,296,521,8 Ave & W 31 St N,40.75096735,-73.99444208,82791.0,71377,154168.0
297,297,522,E 51 St & Lexington Ave,40.75714758,-73.97207836,51263.0,50503,101766.0
298,298,523,W 38 St & 8 Ave,40.75466591,-73.99138152,129762.0,128498,258260.0
299,299,524,W 43 St & 6 Ave,40.75527307,-73.98316936,60788.0,60390,121178.0
300,300,525,W 34 St & 11 Ave,40.75594159,-74.0021163,67047.0,67882,134929.0
301,301,526,E 33 St & 5 Ave,40.74765947,-73.98490707,78380.0,77154,155534.0
302,302,527,E 33 St & 2 Ave,40.744023,-73.976056,67138.0,65809,132947.0
303,303,528,2 Ave & E 31 St,40.74290902,-73.97706058,91478.0,90857,182335.0
304,304,529,W 42 St & 8 Ave,40.75756989999999,-73.99098507,87178.0,84197,171375.0
305,305,530,11 Ave & W 59 St,40.771522,-73.99054100000002,70449.0,71716,142165.0
306,306,531,Forsyth St & Broome St,40.71893904,-73.99266288,84219.0,84392,168611.0
307,307,532,S 5 Pl & S 5 St,40.710451,-73.960876,62654.0,61198,123852.0
308,308,533,Broadway & W 38 St,40.75299641,-73.98721619,62305.0,59231,121536.0
309,309,534,Water - Whitehall Plaza,40.70255065,-74.0127234,33530.0,35369,68899.0
310,310,536,1 Ave & E 30 St,40.74144387,-73.97536082,79698.0,80110,159808.0
311,311,537,Lexington Ave & E 24 St,40.74025878,-73.98409214,87546.0,88461,176007.0
312,312,538,E 48 St & Madison Ave,40.75666,-73.97668399999998,11302.0,11212,22514.0
313,313,539,Metropolitan Ave & Bedford Ave,40.71534825,-73.96024116,59455.0,61674,121129.0
314,314,540,Lexington Ave & E 29 St,40.74311555,-73.98215353,80954.0,81247,162201.0
315,315,545,E 23 St & 1 Ave,40.736502,-73.97809472,89259.0,89329,178588.0
316,316,546,E 30 St & Park Ave S,40.74444921,-73.98303529,80252.0,80492,160744.0
317,317,2000,Front St & Washington St,40.70255088,-73.98940236,46412.0,49567,95979.0
318,318,2001,Sands St & Navy St,40.699773,-73.979927,4408.0,5069,9477.0
319,319,2002,Wythe Ave & Metropolitan Ave,40.716887,-73.96319799999998,52745.0,54930,107675.0
320,320,2003,1 Ave & E 18 St,40.73381219,-73.98054421,78364.0,77697,156061.0
321,321,2004,6 Ave & Broome St,40.724399,-74.004704,28120.0,28661,56781.0
322,322,2005,Railroad Ave & Kay Ave,40.70531194,-73.97100056,2098.0,2396,4494.0
323,323,2006,Central Park S & 6 Ave,40.76590936,-73.97634151,127647.0,126291,253938.0
324,324,2008,Little West St & 1 Pl,40.70569254,-74.01677685,78981.0,79062,158043.0
325,325,2009,Catherine St & Monroe St,40.71117444,-73.99682619,35525.0,35988,71513.0
326,326,2010,Grand St & Greene St,40.72165481,-74.00234737,50229.0,52761,102990.0
327,327,2012,E 27 St & 1 Ave,40.739445,-73.97680600000002,62235.0,61404,123639.0
328,328,2017,E 43 St & 2 Ave,40.75022392,-73.97121414,22886.0,21989,44875.0
329,329,2021,W 45 St & 8 Ave,40.75929124,-73.98859651,81319.0,77121,158440.0
330,330,2022,E 60 St & York Ave,40.759107,-73.959223,25552.0,25553,51105.0
331,331,2023,E 55 St & Lexington Ave,40.75968085,-73.97031366,32992.0,33047,66039.0
332,332,3000,MLSWKiosk,40.755467,-73.986536,2.0,2,4.0
333,333,3002,South End Ave & Liberty St,40.711512,-74.01575600000002,126013.0,126650,252663.0
334,334,3014,3969.TEMP (Bike The Branches - Central Branch),40.722852,-73.959114,154.0,110,264.0
335,335,3016,Mobile 01,40.77105186,-73.9643383,46184.0,49011,95195.0
336,336,3017,NYCBS Depot - FAR,40.751483,-73.996764,259.0,371,630.0
337,337,3019,NYCBS Depot - DEL,40.716633,-73.981933,99.0,191,290.0
338,338,3020,NYCBS Test,40.6466068,-74.01597,58.0,54,112.0
339,339,3036,8D OPS 01,40.68486875,-74.02544975,4.0,3,7.0
340,341,3040,SSP Tech Workshop,40.646678,-74.016263,14.0,27,41.0
341,342,3041,Kingston Ave & Herkimer St,40.67890679,-73.94142771,6274.0,6243,12517.0
342,343,3042,Fulton St & Utica Ave,40.6794268,-73.92989109999998,7755.0,7750,15505.0
343,344,3043,Lewis Ave & Decatur St,40.6814598,-73.934903,4293.0,4232,8525.0
344,345,3044,Albany Ave & Fulton St,40.6800105,-73.938475,2984.0,2849,5833.0
345,346,3046,Marcus Garvey Blvd & Macon St,40.682601,-73.938037,5996.0,6057,12053.0
346,347,3047,Halsey St & Tompkins Ave,40.68236870000001,-73.944118,7993.0,7935,15928.0
347,348,3048,Putnam Ave & Nostrand Ave,40.68402,-73.94977,5343.0,5261,10604.0
348,349,3049,Cambridge Pl & Gates Ave,40.68488,-73.96304,8232.0,8123,16355.0
349,350,3050,Putnam Ave & Throop Ave,40.6851532,-73.94111,7424.0,7090,14514.0
350,351,3052,Lewis Ave & Madison St,40.686312,-73.935775,9429.0,9326,18755.0
351,352,3053,Marcy Ave & Lafayette Ave,40.6900815,-73.94791500000002,4827.0,4517,9344.0
352,353,3054,Greene Ave & Throop Ave,40.6894932,-73.942061,6552.0,6360,12912.0
353,354,3055,Greene Ave & Nostrand Ave,40.68833370000001,-73.950916,7322.0,7039,14361.0
354,355,3056,Kosciuszko St & Nostrand Ave,40.69072549,-73.95133465,6802.0,6626,13428.0
355,356,3057,Kosciuszko St & Tompkins Ave,40.69128258,-73.9452416,8273.0,8181,16454.0
356,357,3058,Lewis Ave & Kosciuszko St,40.69237074,-73.93705428,7128.0,6801,13929.0
357,358,3059,Pulaski St & Marcus Garvey Blvd,40.6933982,-73.939877,4467.0,4414,8881.0
358,359,3060,Willoughby Ave & Tompkins Ave,40.69425403,-73.94626915,6233.0,6231,12464.0
359,360,3061,Throop Ave & Myrtle Ave,40.69622937,-73.94371094,3815.0,3590,7405.0
360,361,3062,Myrtle Ave & Marcy Ave,40.69539817,-73.94954908,7831.0,7925,15756.0
361,362,3063,Nostrand Ave & Myrtle Ave,40.69527008,-73.95238108,4633.0,4808,9441.0
362,363,3064,Myrtle Ave & Lewis Ave,40.69681963,-73.93756926,15569.0,15748,31317.0
363,364,3065,Union Ave & Wallabout St,40.70029511,-73.95032283,5296.0,5314,10610.0
364,365,3066,Tompkins Ave & Hopkins St,40.69957608,-73.94708417,6497.0,6620,13117.0
365,366,3067,Broadway & Whipple St,40.7016657,-73.9437303,8775.0,9064,17839.0
366,367,3068,Humboldt St & Varet St,40.7031724,-73.940636,8316.0,8846,17162.0
367,368,3069,Lorimer St & Broadway,40.70411791,-73.94818595,5888.0,6099,11987.0
368,369,3070,McKibbin St & Manhattan Ave,40.70510918,-73.94407279,5984.0,6023,12007.0
369,370,3071,Boerum St & Broadway,40.70538077,-73.94976519,7748.0,7897,15645.0
370,371,3072,Leonard St & Boerum St,40.70583339,-73.94644578,6154.0,6212,12366.0
371,372,3073,Division Ave & Hooper St,40.70691254,-73.95441667,4538.0,4405,8943.0
372,373,3074,Montrose Ave & Bushwick Ave,40.70767788,-73.94016171,15339.0,15729,31068.0
373,374,3075,Division Ave & Marcy Ave,40.70708701,-73.95796783,4134.0,3857,7991.0
374,375,3076,Scholes St & Manhattan Ave,40.70870368,-73.9448625,12183.0,12087,24270.0
375,376,3077,Stagg St & Union Ave,40.70877084,-73.95095259,15611.0,15404,31015.0
376,377,3078,Broadway & Roebling St,40.70925562,-73.95982218,19604.0,18884,38488.0
377,378,3079,Leonard St & Grand St,40.71103537,-73.94714303,3090.0,3124,6214.0
378,379,3080,S 4 St & Rodney St,40.70934000000001,-73.95608,12316.0,12129,24445.0
379,380,3081,Graham Ave & Grand St,40.711863,-73.944024,12255.0,12124,24379.0
380,381,3082,Hope St & Union Ave,40.71167351,-73.95141312,17700.0,17650,35350.0
381,382,3083,Bushwick Ave & Powers St,40.71247661,-73.94100005,11848.0,11598,23446.0
382,383,3084,Devoe St & Leonard St,40.71348658,-73.94792458,2687.0,2636,5323.0
383,384,3085,Roebling St & N 4 St,40.71469,-73.95739,15045.0,15231,30276.0
384,385,3086,Graham Ave & Conselyea St,40.715143,-73.944507,25745.0,25672,51417.0
385,386,3087,Metropolitan Ave & Meeker Ave,40.71413311,-73.95234386,19923.0,19825,39748.0
386,387,3088,Union Ave & Jackson St,40.7160751,-73.95202900000002,9208.0,9292,18500.0
387,388,3089,Leonard St & Meeker Ave,40.7173184,-73.94820213,897.0,828,1725.0
388,389,3090,N 8 St & Driggs Ave,40.71774592,-73.95600096,28834.0,29640,58474.0
389,390,3091,Frost St & Meeker St,40.71764,-73.94882,5454.0,5261,10715.0
390,391,3092,Berry St & N 8 St,40.7190095,-73.95852515,29985.0,30951,60936.0
391,392,3093,N 6 St & Bedford Ave,40.71745169,-73.95850939,48653.0,49642,98295.0
392,393,3094,Graham Ave & Withers St,40.7169811,-73.94485918,10608.0,10467,21075.0
393,394,3095,Graham Ave & Herbert St,40.71929301,-73.94500379,7541.0,7376,14917.0
394,395,3096,Union Ave & N 12 St,40.71924,-73.95241999999998,20209.0,20350,40559.0
395,396,3097,N Henry St & Richardson St,40.71921585,-73.94244690000002,1511.0,1457,2968.0
396,397,3098,Leonard St & Bayard St,40.71928,-73.94861,2393.0,2279,4672.0
397,398,3099,Leonard St & Manhattan Ave,40.7215224,-73.94898266,1443.0,1353,2796.0
398,399,3100,Nassau Ave & Newell St,40.72481256,-73.94752622,14695.0,14648,29343.0
399,400,3101,N 12 St & Bedford Ave,40.72079821,-73.95484712,19517.0,19437,38954.0
400,401,3102,Driggs Ave & Lorimer St,40.72179134,-73.95041540000003,14133.0,13982,28115.0
401,402,3103,N 11 St & Wythe Ave,40.72153267,-73.95782357,8315.0,8415,16730.0
402,403,3104,Kent Ave & N 7 St,40.72057658,-73.96150225,4284.0,4679,8963.0
403,404,3105,N 15 St & Wythe Ave,40.724055,-73.955736,8626.0,8657,17283.0
404,405,3106,Driggs Ave & N Henry St,40.72325,-73.94308000000002,17531.0,17187,34718.0
405,406,3107,Bedford Ave & Nassau Ave,40.72311651,-73.95212324,31540.0,31931,63471.0
406,407,3108,Nassau Ave & Russell St,40.72557000000001,-73.94434,22112.0,21781,43893.0
407,408,3109,Banker St & Meserole Ave,40.72606,-73.95621,16889.0,17126,34015.0
408,409,3110,Meserole Ave & Manhattan Ave,40.72708584,-73.95299117,23310.0,23348,46658.0
409,410,3111,Norman Ave & Leonard St,40.7258483,-73.95064893,4790.0,4707,9497.0
410,411,3112,Milton St & Franklin St,40.72906,-73.95779,34588.0,35484,70072.0
411,412,3113,Greenpoint Ave & Manhattan Ave,40.73026,-73.95394,22433.0,22549,44982.0
412,413,3114,India St & East River,40.73165141,-73.96161892,1602.0,1692,3294.0
413,414,3115,India St & Manhattan Ave,40.73232194,-73.9550858,17918.0,18213,36131.0
414,415,3116,Huron St & Franklin St,40.73266,-73.95826,18598.0,18942,37540.0
415,416,3117,Franklin St & Dupont St,40.73564,-73.95866,14158.0,14265,28423.0
416,417,3118,McGuinness Blvd & Eagle St,40.73555,-73.95284000000002,17738.0,17671,35409.0
417,418,3119,Vernon Blvd & 50 Ave,40.74232744,-73.95411749,30410.0,30599,61009.0
418,419,3120,Center BlvdÂ & Borden Ave,40.74161,-73.96044,5287.0,5528,10815.0
419,420,3121,Jackson Ave & 46 Rd,40.74524768,-73.94733276,7294.0,7292,14586.0
420,421,3122,48 Ave & 5 St,40.74436329,-73.95587325,6588.0,6755,13343.0
421,422,3123,31 St & Thomson Ave,40.74469738,-73.93540375,4605.0,4683,9288.0
422,423,3124,46 Ave & 5 St,40.74731,-73.95451,19168.0,19436,38604.0
423,424,3125,45 Rd & 11 St,40.74708586,-73.94977234,13387.0,13506,26893.0
424,425,3126,44 Dr & Jackson Ave,40.74718234,-73.9432635,15786.0,15697,31483.0
425,426,3127,9 St & 44 Rd,40.74966,-73.9521,4678.0,4777,9455.0
426,427,3128,21 St & 43 Ave,40.75052534,-73.94594845,3770.0,3729,7499.0
427,428,3129,Queens Plaza North & Crescent St,40.75110165,-73.94073717,28484.0,28661,57145.0
428,429,3130,21 St & Queens Plaza North,40.75325964,-73.94335788,6542.0,6547,13089.0
429,430,3131,E 68 St & 3 Ave,40.7671284,-73.96224618,14069.0,13871,27940.0
430,431,3132,E 59 St & Madison Ave,40.76350532,-73.97109243,31929.0,32028,63957.0
431,432,3133,E 67 St & Park Ave,40.76735637,-73.96493528,788.0,686,1474.0
432,433,3134,3 Ave & E 62 St,40.76312584,-73.96526895,27581.0,26433,54014.0
433,434,3135,E 75 St & 3 Ave,40.77112927,-73.95772297,22164.0,22007,44171.0
434,435,3136,5 Ave & E 63 St,40.76650452,-73.97147595,23210.0,22808,46018.0
435,436,3137,5 Ave & E 73 St,40.77282817,-73.96685276,58946.0,58946,117892.0
436,437,3138,E 77 St & Park Ave,40.77440546,-73.96175265,2080.0,1879,3959.0
437,438,3139,E 72 St & Park Ave,40.77122923,-73.96432627,23019.0,21834,44853.0
438,439,3140,1 Ave & E 78 St,40.77140426,-73.9535166,50688.0,51385,102073.0
439,440,3141,1 Ave & E 68 St,40.76500525,-73.95818491,75825.0,75681,151506.0
440,441,3142,1 Ave & E 62 St,40.7612274,-73.96094022,50658.0,50253,100911.0
441,442,3143,5 Ave & E 78 St,40.77682863,-73.96388769,47534.0,46366,93900.0
442,443,3144,E 81 St & Park Ave,40.77677702,-73.95900970000002,8907.0,8394,17301.0
443,444,3145,E 84 St & Park Ave,40.77862688,-73.95772073,26868.0,26015,52883.0
444,445,3146,E 81 St & 3 Ave,40.77573034,-73.9567526,20541.0,20123,40664.0
445,446,3147,E 85 St & 3 Ave,40.77801203,-73.95407149,38240.0,38338,76578.0
446,447,3148,E 84 St & 1 Ave,40.77565541,-73.95068615,24446.0,25113,49559.0
447,448,3149,E 82 St & 2 Ave,40.77517793,-73.95324922,944.0,861,1805.0
448,449,3150,E 85 St & York Ave,40.77536905,-73.94803392,21047.0,20763,41810.0
449,450,3151,E 81 St & York Ave,40.7728384,-73.94989233,22057.0,22048,44105.0
450,451,3152,3 Ave & E 71 St,40.76873687,-73.96119945,11516.0,11170,22686.0
451,452,3153,E 71 St & 2 Ave,40.76817547,-73.95910263,5557.0,5522,11079.0
452,453,3154,E 77 St & 3 Ave,40.77314236,-73.95856158,10266.0,10133,20399.0
453,454,3155,Lexington Ave & E 63 St,40.76440023,-73.96648977,25461.0,25516,50977.0
454,455,3156,E 72 St & York Ave,40.76663814,-73.95348296,42742.0,42719,85461.0
455,456,3157,East End Ave & E 86 St,40.77518615,-73.94446054,11088.0,11168,22256.0
456,457,3158,W 63 St & Broadway,40.77163851,-73.98261428,53914.0,50126,104040.0
457,458,3159,W 67 St & Broadway,40.77492513,-73.98266566,47745.0,45271,93016.0
458,459,3160,Central Park West & W 76 St,40.77896784,-73.97374737,39242.0,35394,74636.0
459,460,3161,W 76 St & Columbus Ave,40.78018397,-73.97728533,33332.0,27263,60595.0
460,461,3162,W 78 St & Broadway,40.78339981,-73.98093133,25640.0,24072,49712.0
461,462,3163,Central Park West & W 68 St,40.7734066,-73.97782542,55452.0,48644,104096.0
462,463,3164,Columbus Ave & W 72 St,40.7770575,-73.97898475,70071.0,55262,125333.0
463,464,3165,Central Park West & W 72 St,40.77575319,-73.97603963,64311.0,60058,124369.0
464,465,3166,Riverside Dr & W 72 St ,40.78057799,-73.98562431,31738.0,31852,63590.0
465,466,3167,Amsterdam Ave & W 73 St,40.77966809,-73.98093045,60402.0,58876,119278.0
466,467,3168,Central Park West & W 85 St,40.78472675,-73.96961715,50361.0,48849,99210.0
467,468,3169,Riverside Dr & W 82 St,40.78720869,-73.98128127,24571.0,24271,48842.0
468,469,3170,W 84 St & Columbus Ave,40.78499979,-73.97283406,32633.0,29317,61950.0
469,470,3171,Amsterdam Ave & W 82 St,40.78524672,-73.97667321,34040.0,33220,67260.0
470,471,3172,W 74 St & Columbus Ave,40.7785669,-73.97754961,22864.0,21430,44294.0
471,472,3173,Riverside Blvd & W 67 St,40.77750703,-73.98888588,34437.0,34500,68937.0
472,473,3175,W 70 St & Amsterdam Ave,40.77748046,-73.98288594,37054.0,35707,72761.0
473,474,3176,W 64 St & West End Ave,40.77452835,-73.98753759,17014.0,16543,33557.0
474,475,3177,W 84 St & Broadway,40.7867947,-73.977112,33250.0,29121,62371.0
475,476,3178,Riverside Dr & W 78 St,40.78414472,-73.98362492,21582.0,20505,42087.0
476,477,3179,Park Ave & Marcus Garvey Blvd,40.698617,-73.941342,4588.0,4566,9154.0
477,478,3180,Brooklyn Bridge Park - Pier 2,40.69878,-73.99712,10805.0,10729,21534.0
478,479,3181,Soissons Landing,40.692609,-74.016398,809.0,825,1634.0
479,480,3182,Yankee Ferry Terminal,40.686931,-74.016966,10745.0,10728,21473.0
480,481,3183,Exchange Place,40.7162469,-74.0334588,,13,
481,482,3184,Paulus Hook,40.7141454,-74.0335519,,26,
482,483,3185,City Hall,40.7177325,-74.04384499999998,,7,
483,484,3186,Grove St PATH,40.7192789,-74.0424515,,9,
484,485,3187,Warren St,40.72112360000001,-74.03805095,,4,
485,487,3191,Union St,40.71821129999999,-74.08363940000002,,1,
486,488,3192,Liberty Light Rail,40.7112423,-74.0557013,,12,
487,489,3195,Sip Ave,40.73074263,-74.06378388,,1,
488,490,3196,Riverview Park,40.7443187,-74.04399090000003,,2,
489,491,3197,Hs Don't Use,40.71925171,-74.03423399,12.0,4,16.0
490,492,3198,Heights Elevator,40.7485362,-74.04031309999998,,7,
491,493,3199,Newport Pkwy,40.7287448,-74.03210820000002,,17,
492,494,3201,Dey St,40.737711,-74.066921,,1,
493,495,3202,Newport PATH,40.7272235,-74.03375890000002,,9,
494,496,3203,Hamilton Park,40.72759597,-74.04424731,,5,
495,497,3205,JC Medical Center,40.71653978,-74.04963791,,7,
496,501,3211,Newark Ave,40.72152515,-74.04630454,,1,
497,503,3213,Van Vorst Park,40.71848892,-74.04772663,,8,
498,504,3214,Essex Light Rail,40.71277420000001,-74.03648570000001,,25,
499,506,3219,NYCBS Depot - STY,40.729193,-73.97665500000002,88.0,380,468.0
500,507,3220,5 Corners Library,40.73496102,-74.05950308,,2,
501,508,3221,47 Ave & 31 St,40.743,-73.93561,4785.0,4907,9692.0
502,509,3222,Hanson Pl & St Felix St,40.6851596,-73.97711366,6819.0,7135,13954.0
503,510,3223,E 55 St & 3 Ave,40.75899656,-73.96865398,36674.0,36793,73467.0
504,511,3224,W 13 St & Hudson St,40.73997354,-74.00513873,41287.0,43290,84577.0
505,512,3225,Baldwin at Montgomery,40.7236589,-74.0641943,,1,
506,513,3226,W 82 St & Central Park West,40.78275,-73.97137,28806.0,24979,53785.0
507,514,3229,Marcy Ave & MacDonough St,40.68061768,-73.94624949,295.0,269,564.0
508,515,3230,Penn Station Valet,40.7512836,-73.99692446,23646.0,13958,37604.0
509,516,3231,E 67 St & Park Ave,40.7678008,-73.96592081,17140.0,16802,33942.0
510,517,3232,Bond St & Fulton St,40.68962189,-73.98304269,21208.0,25058,46266.0
511,518,3233,E 48 St & 5 Ave,40.75724568,-73.97805914,63215.0,64714,127929.0
512,519,3234,E 40 St & Madison Ave,40.75159368,-73.98043156,2123.0,2117,4240.0
513,520,3235,E 41 St & Madison Ave,40.75216528,-73.97992194,42612.0,42587,85199.0
514,521,3236,PABT Valet,40.75898481,-73.99379969,53538.0,43987,97525.0
515,522,3237,21 St & 41 Ave,40.75383343,-73.94267678,1164.0,1190,2354.0
516,523,3238,E 80 St & 2 Ave,40.7739139,-73.95439535,9643.0,9466,19109.0
517,524,3239,Bressler,40.64653837,-74.01658773,309.0,309,618.0
518,526,3241,Monroe St & Tompkins Ave,40.686203000000006,-73.944694,8056.0,7837,15893.0
519,527,3242,Schermerhorn St & Court St,40.69102926,-73.99183363,18937.0,18978,37915.0
520,528,3243,E 58 St & 1 Ave,40.75892386,-73.96226227,21794.0,21753,43547.0
521,529,3244,University Pl & E 8 St,40.73143724,-73.99490342,50790.0,50992,101782.0
522,530,3245,Kiosk in a box Motivate,40.6466779,-74.01630342,210.0,615,825.0
523,531,3246,Montague St & Clinton St,40.69428114,-73.99230033,4386.0,4394,8780.0
524,534,3249,Verona Pl & Fulton St,40.68035608,-73.9476791,6699.0,6679,13378.0
525,535,3250,NYCBS Depot - PIT,40.71690978,-73.98383796,11.0,165,176.0
526,536,3252,Bike The Branches - Red Hook Branch,40.67534953,-74.01002035,6.0,10,16.0
527,537,3253,Bike The Branches - Central Branch,40.67280641,-73.96886587,51.0,48,99.0
528,538,3254,Soissons Landing,40.69231661,-74.01486576,10396.0,10429,20825.0
529,539,3255,8 Ave & W 31 St,40.75058535,-73.99468482,100941.0,102366,203307.0
530,540,3256,Pier 40 - Hudson River Park,40.72771408,-74.01129574,59221.0,59226,118447.0
531,541,3257,Adventures NYC,40.77376867,-73.97116989,88.0,90,178.0
532,542,3258,W 27 St & 10 Ave,40.75018156,-74.00218427,44139.0,44534,88673.0
533,543,3259,9 Ave & W 28 St,40.74937024,-73.99923384,36752.0,37036,73788.0
534,544,3260,Mercer St & Bleecker St,40.72706363,-73.99662137,55166.0,56367,111533.0
535,545,3263,Cooper Square & E 7 St,40.7292365,-73.99086803,84037.0,86286,170323.0
536,546,3264,E 61 St & Park Ave,40.76421007,-73.96910459,3147.0,3129,6276.0
537,547,3265,E 2 St & 2 Ave,40.72456343,-73.98944378,5933.0,6022,11955.0
538,548,3266,Kiosk in a box Deployment,40.70861098,-73.92850399,6.0,6,12.0
539,549,3267,Morris Canal,40.71241882,-74.03852552,,20,
540,550,3268,Lafayette Park,40.71346383,-74.06285852,,1,
541,551,3270,Jersey & 6th St,40.72528911,-74.04557168,,2,
542,552,3272,Jersey & 3rd,40.72333159,-74.04595256,,1,
543,553,3273,Manila & 1st,40.72165072,-74.04288411,,1,
544,554,3275,Columbus Drive,40.71835520000001,-74.03891444,,2,
545,555,3276,Marin Light Rail,40.7148245,-74.04298067,,8,
546,557,3278,Monmouth and 6th,40.72568548,-74.04879034,,1,
547,558,3279,Dixon Mills,40.72163014,-74.04996783,,2,
548,559,3280,Astor Place,40.7192822,-74.07126188,,1,
549,560,3281,Leonard Gordon Park,40.74590997,-74.05727148,,1,
550,561,3282,5 Ave & E 88 St,40.78307,-73.95939,47881.0,47966,95847.0
551,562,3283,W 89 St & Columbus Ave,40.7882213,-73.97041561,22092.0,18388,40480.0
552,563,3284,E 88 St & Park Ave,40.7814107,-73.95595908,10892.0,10815,21707.0
553,564,3285,W 87 St  & Amsterdam Ave,40.78839,-73.9747,19705.0,18389,38094.0
554,565,3286,E 89 St & 3 Ave,40.7806284,-73.9521667,15150.0,15155,30305.0
555,566,3287,W 87 St & West End Ave,40.790261,-73.977131,2780.0,2598,5378.0
556,567,3288,E 88 St & 1 Ave,40.778301,-73.9488134,16912.0,17202,34114.0
557,568,3289,W 90 St & Amsterdam Ave,40.79017948,-73.97288918,13251.0,12411,25662.0
558,569,3290,E 89 St & York Ave,40.7779453,-73.94604100000002,12193.0,12248,24441.0
559,570,3291,Riverside Dr & W 91 St,40.7933718,-73.97685115,731.0,730,1461.0
560,571,3292,5 Ave & E 93 St,40.78578510000001,-73.957481,16923.0,16774,33697.0
561,572,3293,W 92 St & Broadway,40.7921,-73.9739,17535.0,17086,34621.0
562,573,3294,E 91 St & Park Ave,40.7835016,-73.955327,12870.0,12606,25476.0
563,574,3295,Central Park W & W 96 St,40.79127,-73.964839,34668.0,30423,65091.0
564,575,3296,E 93 St & 2 Ave,40.78245418,-73.94891962,7906.0,8112,16018.0
565,576,3297,6 St & 7 Ave,40.66866270000001,-73.97988067,7207.0,6763,13970.0
566,577,3298,Warren St & Court St,40.686371,-73.99383324,11590.0,11631,23221.0
567,578,3299,E 98 St & Park Ave,40.78813,-73.95206,2653.0,2675,5328.0
568,579,3300,Prospect Park West & 8 St,40.66514682,-73.97637606,11650.0,10886,22536.0
569,580,3301,Columbus Ave & W 95 St,40.7919557,-73.968087,26150.0,24477,50627.0
570,581,3302,Columbus Ave & W 103 St,40.7969347,-73.96434123,4692.0,3747,8439.0
571,582,3303,Butler St & Court St,40.6849894,-73.99440329,8655.0,8694,17349.0
572,583,3304,6 Ave & 9 St,40.668127,-73.98377641,10915.0,10781,21696.0
573,584,3305,E 91 St & 2 Ave,40.7811223,-73.94965589,22292.0,22567,44859.0
574,585,3306,10 St & 7 Ave,40.6662078,-73.98199886,9410.0,8848,18258.0
575,586,3307,West End Ave & W 94 St,40.7941654,-73.974124,15581.0,15560,31141.0
576,587,3308,Kane St & Clinton St,40.6861758,-73.99645295,11858.0,11903,23761.0
577,588,3309,E 97 St & 3 Ave,40.7859201,-73.94860294,5242.0,5215,10457.0
578,589,3310,14 St & 7 Ave,40.663779,-73.98396846,9904.0,9362,19266.0
579,590,3311,Columbia St & Kane St,40.68763155,-74.0016256,9429.0,9722,19151.0
580,591,3312,1 Ave & E 94 St,40.78172120000001,-73.94594000000002,14058.0,14536,28594.0
581,592,3313,6 Ave & 12 St,40.66631810000001,-73.9854617,6496.0,6286,12782.0
582,593,3314,W 95 St & Broadway,40.7937704,-73.971888,24366.0,23866,48232.0
583,594,3315,Henry St & Degraw St,40.6847514,-73.99917254,15190.0,15273,30463.0
584,595,3316,W 104 St & Amsterdam Ave,40.7989937,-73.96621738,5254.0,4738,9992.0
585,596,3317,10 St & 5 Ave,40.6686273,-73.98700053,6209.0,6208,12417.0
586,597,3318,2 Ave & E 96 St,40.7839636,-73.94716729999998,19823.0,20239,40062.0
587,598,3319,14 St & 5 Ave,40.666287,-73.98895053,9980.0,10023,20003.0
588,599,3320,Central Park West & W 100 St,40.793393,-73.96355559999998,19414.0,18461,37875.0
589,600,3321,Clinton St & Union St,40.6831164,-73.99785267,10637.0,10504,21141.0
590,601,3322,12 St & 4 Ave,40.668603,-73.99043940000001,4023.0,4262,8285.0
591,602,3323,W 106 St & Central Park West,40.7981856,-73.96059090000001,19211.0,18172,37383.0
592,603,3324,3 Ave & 14 St,40.6685455,-73.99333264,5400.0,5694,11094.0
593,604,3325,E 95 St & 3 Ave,40.7849032,-73.950503,4959.0,4966,9925.0
594,605,3326,Clinton St & Centre St,40.67434,-74.00194698,2213.0,2349,4562.0
595,606,3327,3 Ave & E 100 St,40.7877214,-73.94728331,3759.0,3829,7588.0
596,607,3328,W 100 St & Manhattan Ave,40.795,-73.9645,13849.0,13362,27211.0
597,608,3329,Degraw St & Smith St,40.6829151,-73.99318208,10162.0,10284,20446.0
598,609,3330,Henry St & Bay St,40.6725058,-74.00494695,2218.0,2367,4585.0
599,610,3331,Riverside Dr & W 104 St,40.8013434,-73.97114574,13925.0,13431,27356.0
600,611,3332,Degraw St & Hoyt St,40.68199044,-73.99079025,6198.0,6277,12475.0
601,612,3333,Columbia St & Lorraine St,40.6747055,-74.00755720000002,1152.0,1558,2710.0
602,613,3335,Union St & 4 Ave,40.6772744,-73.98282002,12852.0,13562,26414.0
603,614,3336,E 97 St & Madison Ave,40.787801,-73.953559,17213.0,17046,34259.0
604,615,3337,Dwight St & Van Dyke St,40.67363551,-74.01195556,2051.0,2560,4611.0
605,616,3338,2 Ave & E 99 St,40.7862586,-73.94552579,6075.0,6200,12275.0
606,617,3339,Berkeley Pl & 6 Ave,40.6765304,-73.97846879,8768.0,8889,17657.0
607,618,3340,Wolcott St & Dwight St,40.6753274,-74.0100698,2534.0,2848,5382.0
608,619,3341,Central Park West & W 102 St,40.795346,-73.96186,11653.0,10632,22285.0
609,620,3342,Pioneer St & Richards St,40.6777748,-74.0094613,2699.0,3250,5949.0
610,621,3343,W 107 St & Columbus Ave,40.7997568,-73.96211287,8713.0,8396,17109.0
611,622,3344,Pioneer St & Van Brunt St,40.679043,-74.011169,6743.0,7258,14001.0
612,623,3345,Madison Ave & E 99 St,40.78948542,-73.95242929,10204.0,10023,20227.0
613,624,3346,Berkeley Pl & 7 Ave,40.67514684,-73.97523209,16524.0,16486,33010.0
614,625,3347,Van Brunt St & Wolcott St,40.6773429,-74.01275056,6822.0,7479,14301.0
615,626,3348,Coffey St & Conover St,40.677236,-74.015665,5048.0,5335,10383.0
616,627,3349,Grand Army Plaza & Plaza St West,40.6729679,-73.97087984,22957.0,21101,44058.0
617,628,3350,W 100 St & Broadway,40.7973721,-73.97041192,20743.0,19912,40655.0
618,629,3351,E 102 St & 1 Ave,40.7869946,-73.94164802,16408.0,16553,32961.0
619,630,3352,Sigourney St & Columbia St,40.67267243,-74.00879525,2786.0,3160,5946.0
620,631,3353,Reed St & Van Brunt St,40.6747844,-74.01612847,2455.0,2590,5045.0
621,632,3354,3 St & Prospect Park West,40.668132,-73.97363831,16120.0,14237,30357.0
622,633,3355,E 66 St & Madison Ave,40.76800889,-73.96845281,8979.0,8897,17876.0
623,634,3356,Amsterdam Ave & W 66 St,40.7746671,-73.98470567,15621.0,15416,31037.0
624,635,3357,W 106 St & Amsterdam Ave,40.80083629999999,-73.96644925,12531.0,11787,24318.0
625,636,3358,Garfield Pl & 8 Ave,40.6711978,-73.97484126,9455.0,8977,18432.0
626,637,3359,E 68 St & Madison Ave,40.7691572,-73.96703464,9626.0,9531,19157.0
627,638,3360,Amsterdam Ave & W 79 St,40.7829391,-73.9786517,27533.0,27033,54566.0
628,639,3361,Carroll St & 6 Ave,40.6740886,-73.9787282,11569.0,11578,23147.0
629,640,3362,Madison Ave & E 82 St,40.7781314,-73.96069399,17979.0,17873,35852.0
630,641,3363,E 102 St & Park Ave,40.7904828,-73.95033068,6712.0,6738,13450.0
631,642,3364,Carroll St & 5 Ave,40.6751622,-73.9814832,12298.0,12585,24883.0
632,643,3365,3 St & 7 Ave,40.67038370000001,-73.97839676,12251.0,12046,24297.0
633,644,3366,West End Ave & W 107 St,40.8021174,-73.96818053,11644.0,10483,22127.0
634,645,3367,5 Ave & E 103 St,40.7922553,-73.95249933,19510.0,19525,39035.0
635,646,3368,5 Ave & 3 St,40.67281550000001,-73.98352355,15513.0,15761,31274.0
636,647,3369,E 82 St & East End Ave,40.77246068,-73.9468208,9148.0,9173,18321.0
637,648,3370,78 St & 2 Ave,40.7727966,-73.95577801,11609.0,11606,23215.0
638,649,3371,4 Ave & 2 St,40.67461342,-73.98501143,3607.0,3821,7428.0
639,650,3372,E 74 St & 1 Ave,40.7689738,-73.95482273,22757.0,22886,45643.0
640,651,3373,3 St & 3 Ave,40.6750705,-73.98775226,12560.0,13232,25792.0
641,652,3374,Central Park North & Adam Clayton Powell Blvd,40.799484,-73.955613,37920.0,38943,76863.0
642,653,3375,3 Ave & E 72 St,40.7699426,-73.96060712,9991.0,9894,19885.0
643,654,3376,E 65 St & 2 Ave,40.76471852,-73.9622207,14549.0,14416,28965.0
644,655,3377,Carroll St & Bond St,40.6786115,-73.99037292,9898.0,10020,19918.0
645,656,3378,E 76 St & Park Ave,40.773763,-73.96222088,14855.0,14822,29677.0
646,657,3379,E 103 St & Lexington Ave,40.79030510000001,-73.94755757,9642.0,9815,19457.0
647,658,3381,3 St & Hoyt St,40.6777287,-73.99364123,6105.0,6175,12280.0
648,659,3382,Carroll St & Smith St,40.680611,-73.99475825,17593.0,17668,35261.0
649,660,3383,Cathedral Pkwy & Broadway,40.804213,-73.96699104,22268.0,20750,43018.0
650,661,3384,Smith St & 3 St,40.67872420000001,-73.99599099,9518.0,9348,18866.0
651,662,3385,2 Ave & E 105 St,40.7898175,-73.94296109,,1,
652,663,3386,1 Pl & Clinton St,40.6809591,-73.99905709,8357.0,8210,16567.0
653,664,3387,E 106 St & Madison Ave,40.79343370000001,-73.94945003,6444.0,6521,12965.0
654,665,3388,President St & Henry St,40.6828003,-73.99990419,8515.0,8608,17123.0
655,666,3389,Carroll St & Columbia St,40.6830456,-74.00348559,9990.0,10241,20231.0
656,667,3390,E 109 St & 3 Ave,40.79329668,-73.9432083,7469.0,7635,15104.0
657,668,3391,E 106 St & 1 Ave,40.7892529,-73.93956237,5601.0,5820,11421.0
658,669,3392,Commerce St & Van Brunt St,40.68121170000001,-74.00860912,3588.0,3942,7530.0
659,670,3393,Richards St & Delavan St,40.67943270000001,-74.00785041,2777.0,2991,5768.0
660,671,3394,Columbia St & W 9 St,40.6769993,-74.00647134,1869.0,2147,4016.0
661,672,3395,Henry St & W 9 St,40.6763744,-74.00324957,1414.0,1441,2855.0
662,673,3396,Clinton St & 4 Place,40.6783563,-74.00014502,9718.0,9724,19442.0
663,674,3397,Court St & Nelson St,40.6763947,-73.99869893,7970.0,8129,16099.0
664,675,3398,Smith St & 9 St,40.67469570000001,-73.99785768,10839.0,10776,21615.0
665,676,3399,7 St & 3 Ave,40.67260298,-73.98983002,5339.0,5525,10864.0
666,677,3400,E 110 St & Madison Ave,40.7961535,-73.94782145,13788.0,13921,27709.0
667,678,3401,2 Ave & 9 St,40.6724811,-73.99331394,2908.0,3021,5929.0
668,679,3402,Court St & State St,40.6902375,-73.99203074,23198.0,23359,46557.0
669,680,3403,4 Ave & 9 St,40.6705135,-73.98876585,9001.0,9531,18532.0
670,681,3404,7 St & 5 Ave,40.67049220000001,-73.98541675,7632.0,7677,15309.0
671,682,3405,5 St & 6 Ave,40.6704836,-73.98208968,5949.0,5855,11804.0
672,683,3407,Union St & Nevins St,40.679098,-73.98765475,9301.0,9670,18971.0
673,684,3408,Congress St & Clinton St,40.6881529,-73.99520919,13791.0,13957,27748.0
674,685,3409,Bergen St & Smith St,40.6867443,-73.99063168,31663.0,32667,64330.0
675,686,3410,Dean St & Hoyt St,40.6864442,-73.98759104,8523.0,8742,17265.0
676,687,3411,Bond St & Bergen St,40.6849668,-73.98620772,10931.0,11036,21967.0
677,688,3412,Pacific St & Nevins St,40.6853761,-73.98302136,9108.0,9120,18228.0
678,689,3413,Wyckoff St & 3 Ave,40.6827549,-73.98258555,8423.0,8495,16918.0
679,690,3414,Bergen St & Flatbush Ave,40.68094472,-73.97567332,12810.0,12874,25684.0
680,691,3415,Prospect Pl & 6 Ave,40.6793307,-73.97519523,9655.0,9729,19384.0
681,692,3416,7 Ave & Park Pl,40.67761470000001,-73.97324283,11924.0,11812,23736.0
682,693,3417,Baltic St & 5 Ave,40.6795766,-73.97854971,13044.0,13364,26408.0
683,694,3418,Plaza St West & Flatbush Ave,40.67502070000001,-73.97111473,19484.0,16844,36328.0
684,695,3419,Douglass St & 4 Ave,40.67927879999999,-73.98154004,10188.0,10591,20779.0
685,696,3420,Douglass St & 3 Ave,40.6802133,-73.98432695,12451.0,12926,25377.0
686,697,3421,Hoyt St & Warren St,40.6843549,-73.98901629,3037.0,3143,6180.0
687,698,3422,Columbia St & Degraw St,40.6859296,-74.00242364,10370.0,10714,21084.0
688,699,3423,West Drive & Prospect Park West,40.66106337,-73.97945255,24839.0,24782,49621.0
689,700,3424,E 106 St & Lexington Ave,40.791976,-73.945993,5410.0,5603,11013.0
690,701,3425,2 Ave  & E 104 St,40.7892105,-73.94370784,9757.0,9875,19632.0
691,702,3426,JCBS Depot,40.70965083,-74.06860113,,1,
692,703,3427,Lafayette St & Jersey St,40.72430527,-73.99600983,55125.0,55668,110793.0
693,704,3428,8 Ave & W 16 St,40.740983,-74.00170200000002,20558.0,20662,41220.0
694,705,3429,Hanson Pl & Ashland Pl,40.68506807,-73.9779076,37818.0,38034,75852.0
695,706,3430,Richardson St & N Henry St,40.71907891,-73.94223690000003,11228.0,11128,22356.0
696,707,3431,E 35 St & 3 Ave,40.746524,-73.977885,20564.0,20548,41112.0
697,708,3432,Bike in Movie Night | Prospect Park Bandshell,40.662987,-73.97691800000003,434.0,1260,1694.0
698,709,3434,W 88 St & West End Ave,40.79025417,-73.9771834,11268.0,10807,22075.0
699,710,3435,Grand St & Elizabeth St,40.718822,-73.99596,65238.0,65277,130515.0
700,711,3436,Greenwich St & Hubert St,40.721319,-74.010065,11216.0,11263,22479.0
701,712,3437,Riverside Dr & W 91 St,40.79313481,-73.97700369,9298.0,8768,18066.0
702,713,3438,E 76 St & 3 Ave,40.77224854,-73.95842135,7131.0,7120,14251.0
703,714,3439,Broadway & E 22 St - Valet Scan,40.74034320000001,-73.9895511,,1,
704,715,3440,Fulton St & Adams St,40.69241829,-73.98949474,24690.0,24348,49038.0
705,716,3441,10 Hudson Yards,40.752957,-74.00264,3523.0,3554,7077.0
706,717,3443,W 52 St & 6 Ave,40.76132983,-73.97982001,47414.0,51379,98793.0
707,718,3445,Riverside Dr & W 89 St,40.79181172,-73.97860229,1477.0,1476,2953.0
708,720,3447,E 71 St & 1 Ave,40.76703432,-73.9562273,7628.0,7671,15299.0
709,721,3449,Eckford St & Engert Ave,40.72146256,-73.94800901,4830.0,4817,9647.0
710,722,3450,Penn Station Valet - Valet Scan,40.7512836,-73.9969245,483.0,101,584.0
711,723,3452,Bayard St & Leonard St,40.71915572,-73.94885391,7728.0,7688,15416.0
712,724,3453,Devoe St & Lorimer St,40.71335226,-73.94910336,11309.0,11347,22656.0
713,725,3454,Leonard St & Maujer St,40.71036854,-73.94705951,7857.0,7743,15600.0
714,726,3455,Schermerhorn St & 3 Ave,40.68680821,-73.98036182,2920.0,3017,5937.0
715,727,3456,Jackson St & Leonard St,40.71638032,-73.94821286,2995.0,2946,5941.0
716,728,3457,E 58 St & Madison Ave,40.76302594,-73.97209525,13762.0,13854,27616.0
717,729,3458,W 55 St & 6 Ave,40.76309387,-73.97835016,24650.0,24790,49440.0
718,730,3459,E 53 St & 3 Ave,40.75763228,-73.96930575,27781.0,27989,55770.0
719,731,3461,Murray St & Greenwich St,40.71485151,-74.01122332,28036.0,29270,57306.0
720,732,3462,E 44 St & 2 Ave,40.75118387,-73.97138715,11469.0,11525,22994.0
721,733,3463,E 16 St & Irving Pl,40.73536706,-73.98797393,31511.0,31650,63161.0
722,734,3464,W 37 St & Broadway,40.75227094,-73.98770571,2357.0,2368,4725.0
723,735,3466,W 45 St & 6 Ave,40.75668721,-73.98257732,15537.0,15543,31080.0
724,736,3467,W Broadway & Spring Street,40.72494672,-74.00165856,29636.0,32552,62188.0
725,737,3468,NYCBS Depot - STY - Garage 4,40.73038010000001,-73.9747502,162.0,253,415.0
726,738,3469,India St & West St,40.73181402,-73.95995021,6815.0,6930,13745.0
727,739,3470,Gowanus Tech Station,40.66980193,-73.99490476,1.0,1,2.0
728,741,3472,W 15 St & 10 Ave,40.74275383,-74.00747359,29202.0,30979,60181.0
729,742,3474,6 Ave & Spring St,40.72525570000001,-74.00412083,17311.0,17673,34984.0
730,743,3476,Norman Ave & Leonard St,40.72576997,-73.9507395,1331.0,1336,2667.0
731,744,3477,39 St & 2 Ave - Citi Bike HQ at Industry City,40.65539977,-74.01062787,1820.0,2182,4002.0
732,745,3478,2 Ave & 36 St - Citi Bike HQ at Industry City,40.65708867,-74.00870204,4697.0,5535,10232.0
733,746,3479,Picnic Point,40.6851256,-74.02535319,4949.0,4917,9866.0
734,748,3481,York St,40.71649,-74.04105,,3,
735,749,3483,Montgomery St,40.71942,-74.05099,,1,
736,750,3485,NYCBS Depot - RIS,40.725208,-73.974724,15.0,18,33.0
737,751,3486,Schermerhorn St & Bond St,40.68841743,-73.98451656,15189.0,15382,30571.0
738,752,3487,Prototype Lab Motivate Headquarters,40.65659567,-74.00849283,10.0,11,21.0
739,754,3489,Gold St & Frankfort St,40.71069995,-74.00354147,5421.0,5480,10901.0
740,755,3490,E 116 St & 2 Ave,40.796879,-73.93726099999998,2956.0,3033,5989.0
741,756,3491,E 118 St & 1 Ave,40.79747,-73.93504,4126.0,4161,8287.0
742,757,3492,E 118 St & Park Ave,40.8005385,-73.9419949,1908.0,1940,3848.0
743,758,3493,E 118 St & 3 Ave,40.799139,-73.9389152,4226.0,4248,8474.0
744,759,3494,E 115 St & Lexington Ave,40.797911,-73.9423,4520.0,4566,9086.0
745,760,3495,E 114 St & 1 Ave,40.79456629999999,-73.9362541,3482.0,3548,7030.0
746,761,3496,1 Ave & E 110 St,40.7923272,-73.9383,7722.0,7841,15563.0
747,762,3497,Pleasant Ave & E 116 St,40.7949879,-73.9333349,9436.0,9548,18984.0
748,763,3498,Pleasant Ave & E 120 St,40.7974772,-73.9311847,3065.0,3115,6180.0
749,764,3499,2 Ave & E 122 St,40.8006721,-73.9349,2806.0,2858,5664.0
750,765,3500,E 115 St & Madison Ave,40.7989445,-73.944846,3222.0,3274,6496.0
751,766,3501,E 118 St & Madison Ave,40.8014866,-73.9442507,3559.0,3588,7147.0
752,767,3502,Lexington Ave & E 111 St,40.79541210000001,-73.9441232,5556.0,5651,11207.0
753,768,3503,Madison Ave & E 120 St,40.80295,-73.942954,2746.0,2782,5528.0
754,769,3504,E 123 St & Lexington Ave,40.8029263,-73.9379,3816.0,3901,7717.0
755,770,3505,Lexington Ave & E 127 St,40.805726,-73.936322,2400.0,2459,4859.0
756,771,3506,Lexington Ave & E 120 St,40.8013066,-73.93981670000002,2501.0,2507,5008.0
757,772,3507,Park Ave & E 124 St,40.8045555,-73.93968609999997,15576.0,15627,31203.0
758,773,3508,St Nicholas Ave & Manhattan Ave,40.809725,-73.953149,9523.0,9704,19227.0
759,774,3509,Lenox Ave & W 115 St,40.8011939,-73.9500739,5961.0,6317,12278.0
760,775,3510,Adam Clayton Powell Blvd & W 123 St,40.8078316,-73.949373,5383.0,5459,10842.0
761,776,3511,Adam Clayton Powell Blvd & W 115 St,40.802535,-73.9532423,3644.0,3721,7365.0
762,777,3512,27 Ave & 4 St,40.7747175,-73.93378940000002,725.0,783,1508.0
763,778,3513,21 St & Hoyt Ave S,40.774645,-73.92370600000002,2174.0,2191,4365.0
764,779,3514,Astoria Park S & Shore Blvd,40.7767,-73.927631,3482.0,3505,6987.0
765,780,3515,24 Ave & 26 St,40.774591,-73.918544,2990.0,3006,5996.0
766,781,3516,31 St & Astoria Blvd,40.76991760000001,-73.91840570000002,5494.0,5459,10953.0
767,782,3517,31 St & Hoyt Ave N,40.7711528,-73.9170074,3097.0,3077,6174.0
768,783,3518,Lenox Ave & W 126 St,40.808442,-73.94520870000002,9255.0,9606,18861.0
769,784,3520,Adam Clayton Powell Blvd & W 118 St,40.804372,-73.951475,3896.0,4013,7909.0
770,785,3521,Lenox Ave & W 111 St,40.7987859,-73.9523,16871.0,17247,34118.0
771,786,3522,37 St & 24 Ave,40.7701477,-73.9120938,2337.0,2350,4687.0
772,787,3523,24 Ave & 29 St,40.7729,-73.91614200000002,2583.0,2587,5170.0
773,788,3524,19 St & 24 Ave,40.77745520000001,-73.9225403,3569.0,3592,7161.0
774,789,3525,23 Ave & 27 St,40.776165,-73.9153175,1798.0,1809,3607.0
775,790,3526,31 St & 23 Ave,40.7747878,-73.91255509999998,9534.0,9547,19081.0
776,791,3527,5 Ave & E 126 St,40.80698,-73.94174699999998,3197.0,3205,6402.0
777,792,3528,Steinway St & 23 Ave,40.7713937,-73.9077436,2840.0,2861,5701.0
778,793,3529,Lenox Ave & W 130 St,40.8107922,-73.9430681,8201.0,8351,16552.0
779,794,3530,Crescent St & Ditmars Blvd,40.7787185,-73.9145645,2548.0,2562,5110.0
780,795,3531,Frederick Douglass Blvd & W 129 St,40.8125511,-73.9492286,3872.0,3968,7840.0
781,796,3532,Ditmars Blvd & 19 St,40.78145,-73.9183302,4119.0,4126,8245.0
782,797,3533,St. Nicholas Ave & W 126 St,40.8114323,-73.95187759999997,6718.0,6851,13569.0
783,798,3534,Frederick Douglass Blvd & W 117 St,40.805159,-73.95469200000002,11928.0,12458,24386.0
784,799,3535,Mt Morris Park W & W 120 St,40.804038,-73.945925,5309.0,5330,10639.0
785,800,3536,W 116 St & Broadway,40.8082,-73.9641,8587.0,6991,15578.0
786,801,3537,Carlton Ave & Dean St,40.68097410000001,-73.97100970000002,7016.0,6920,13936.0
787,802,3538,W 110 St & Amsterdam Ave,40.802692,-73.96295,9301.0,7707,17008.0
788,803,3539,W 116 St & Amsterdam Ave,40.8067581,-73.9607082,8505.0,6695,15200.0
789,804,3540,Morningside Ave & W 123 St,40.81,-73.9551508,4320.0,4426,8746.0
790,805,3541,Amsterdam Ave & W 125 St,40.813358,-73.956461,4325.0,4660,8985.0
791,806,3542,Amsterdam Ave & W 119 St,40.8086249,-73.9596214,6288.0,5557,11845.0
792,807,3543,Morningside Dr & Amsterdam Ave,40.81028506,-73.95736456,2071.0,2001,4072.0
793,808,3544,Underhill Ave & Pacific St,40.6804836,-73.9646795,5733.0,5569,11302.0
794,809,3545,Broadway & W 122 St,40.8120562,-73.9612547,4043.0,3896,7939.0
795,810,3546,Pacific St & Classon Ave,40.67919439999999,-73.95879029999998,2278.0,2168,4446.0
796,811,3547,Broadway & Moylan Pl,40.8143256,-73.9590255,9159.0,9360,18519.0
797,812,3548,Pacific St & Bedford Ave,40.6777747,-73.9529322,199.0,193,392.0
798,813,3549,Grand Ave & Bergen St,40.678045,-73.962408,6441.0,6211,12652.0
799,814,3550,Convent Ave & W 129 St,40.81413,-73.953005,7.0,8,15.0
800,815,3551,3 Ave & E 112 St,40.795508,-73.94160600000002,2722.0,2763,5485.0
801,816,3552,W 113 St & Broadway,40.805973,-73.964928,8303.0,7029,15332.0
802,817,3553,Frederick Douglass Blvd & W 112 St,40.801694,-73.957145,11724.0,12105,23829.0
803,818,3554,Vernon Blvd & 41 Rd,40.7552433,-73.94856779999998,2342.0,2380,4722.0
804,819,3555,28 St & 41 Ave,40.751047,-73.93796999999998,6053.0,6023,12076.0
805,820,3556,24 St & 41 Ave,40.7527085,-73.9397405,3601.0,3598,7199.0
806,821,3557,40 Ave & 9 St,40.75742,-73.945133,1584.0,1599,3183.0
807,822,3558,Bergen St & Vanderbilt Ave,40.6794388,-73.96804379999998,9167.0,9022,18189.0
808,823,3559,21 St & 38 Ave,40.7576314,-73.9391224,883.0,865,1748.0
809,824,3560,28 St & 38 Ave,40.754876,-73.934326,2877.0,2829,5706.0
810,825,3561,37 Ave & 35 St,40.7531106,-73.9279917,2567.0,2589,5156.0
811,826,3562,Classon Ave & St Marks Ave,40.6765198,-73.9596082,7363.0,7137,14500.0
812,827,3563,28 St & 36 Ave,40.757186,-73.93271899999998,2713.0,2680,5393.0
813,828,3564,21 St & 36 Ave,40.7601853,-73.9362726,1017.0,1005,2022.0
814,829,3565,36 Ave & 10 St,40.7614376,-73.9411265,2653.0,2676,5329.0
815,830,3566,Crescent St & 35 Ave,40.7596276,-73.93214549999998,2155.0,2113,4268.0
816,831,3567,11 St & 35 Ave,40.76274420000001,-73.9391141,904.0,855,1759.0
817,832,3568,34 St & 35 Ave,40.75693320000001,-73.92622309999999,3535.0,3551,7086.0
818,833,3569,Franklin Ave & St Marks Ave,40.6758324,-73.95616770000002,5462.0,5336,10798.0
819,834,3570,35 Ave & 37 St,40.7557327,-73.92366109999998,3885.0,3874,7759.0
820,835,3571,Bedford Ave & Bergen St,40.676368,-73.95291800000003,6381.0,6339,12720.0
821,836,3572,34 Ave & 38 St,40.756913,-73.921631,7319.0,7296,14615.0
822,837,3573,35 St & 34 Ave,40.7580583,-73.92427509999997,2507.0,2510,5017.0
823,838,3574,Prospect Pl & Underhill Ave,40.6769694,-73.96579,5358.0,5164,10522.0
824,839,3575,Crescent St & 34 Ave,40.76108,-73.930562,2731.0,2744,5475.0
825,840,3576,Park Pl & Vanderbilt Ave,40.6767,-73.969024,9509.0,8955,18464.0
826,841,3577,34 Ave & 21 St,40.7628138,-73.9342862,2246.0,2247,4493.0
827,842,3578,Park Pl & Franklin Ave,40.67418060000001,-73.95649470000002,4189.0,4097,8286.0
828,843,3579,Sterling Pl & Bedford Ave,40.672695,-73.954131,5088.0,5046,10134.0
829,844,3580,St Johns Pl & Washington Ave,40.6737236,-73.9631611,6240.0,5816,12056.0
830,845,3581,Underhill Ave & Lincoln Pl,40.6740123,-73.9671457,7255.0,6862,14117.0
831,846,3582,Lincoln Pl & Classon Ave,40.6721683,-73.9609,2557.0,2280,4837.0
832,847,3583,Eastern Pkwy & Washington Ave,40.6716493,-73.9631145,5818.0,5079,10897.0
833,848,3584,Eastern Pkwy & Franklin Ave,40.67077670000001,-73.9576801,9107.0,8155,17262.0
834,849,3585,Union St & Bedford Ave,40.6691783,-73.9554162,2054.0,2036,4090.0
835,850,3586,34 Ave & 13 St,40.7638753,-73.9364848,1172.0,1181,2353.0
836,851,3587,Carroll St & Washington Ave,40.6686744,-73.9618148,2060.0,2067,4127.0
837,852,3588,Vernon Blvd & 10 St,40.7671863,-73.9373554,3627.0,3682,7309.0
838,853,3589,Broadway & 12 St,40.7668,-73.93477740000002,2726.0,2751,5477.0
839,854,3590,Carroll St & Franklin Ave,40.6679411,-73.9588,1267.0,1260,2527.0
840,855,3591,21 St & 31 Dr,40.7659,-73.930819,3778.0,3831,7609.0
841,856,3592,Crescent St & Broadway,40.7633589,-73.92864709999998,5007.0,4980,9987.0
842,857,3593,31 St & Broadway,40.761584,-73.925921,8689.0,8446,17135.0
843,858,3594,Montgomery St & Franklin Ave OLD,40.6661649,-73.95934840000002,83.0,92,175.0
844,859,3595,35 St & Broadway,40.760339,-73.9222427,3355.0,3342,6697.0
845,860,3596,Sullivan Pl & Bedford Ave,40.6642406,-73.9574686,1069.0,1165,2234.0
846,861,3597,43 St & Broadway,40.7577284,-73.9166368,4202.0,4209,8411.0
847,862,3598,Newton Rd & 44 St,40.7595701,-73.91426779999998,2613.0,2632,5245.0
848,863,3599,Franklin Ave & Empire Blvd,40.66314000000001,-73.96056949999998,7575.0,7787,15362.0
849,864,3601,Sterling St & Bedford Ave,40.6627059,-73.9569115,1723.0,1813,3536.0
850,865,3602,31 Ave & 34 St,40.763154,-73.920827,5392.0,5356,10748.0
851,866,3603,31 Ave & 30 St,40.7647,-73.9240312,3513.0,3496,7009.0
852,867,3604,Rogers Ave & Sterling St,40.6630619,-73.95387459999998,2883.0,2969,5852.0
853,868,3605,31 Ave & Crescent St,40.76583460000001,-73.9265474,3604.0,3586,7190.0
854,869,3606,49 Ave & 21 St,40.74252,-73.948852,2933.0,2932,5865.0
855,870,3607,31 Ave & 14 St,40.7682,-73.9322662,2123.0,2145,4268.0
856,871,3608,5 St & 51 Ave,40.7423737,-73.9566,2355.0,2377,4732.0
857,872,3609,Vernon Blvd & 31 Ave,40.7692475,-73.93545040000002,3083.0,3167,6250.0
858,873,3610,Vernon Blvd & 30 Rd,40.770845,-73.93417099999998,4135.0,4136,8271.0
859,874,3611,Vernon Blvd & 47 Rd,40.7449067,-73.9534573,5098.0,5161,10259.0
860,875,3612,30 Ave & 21 St,40.77037429999999,-73.9286078,1956.0,1975,3931.0
861,876,3613,Center Blvd & 48 Ave,40.745038,-73.957539,5295.0,5302,10597.0
862,877,3614,Crescent St & 30 Ave,40.768692,-73.9249574,3429.0,3451,6880.0
863,878,3615,44 Dr & 21 St,40.74800000000001,-73.94609270000002,6448.0,6515,12963.0
864,879,3616,Steinway St & 28 Ave,40.7656251,-73.9136695,4200.0,4182,8382.0
865,880,3617,28 Ave & 35 St,40.7671,-73.9169858,3541.0,3506,7047.0
866,881,3618,27 St & Hunter St,40.7485,-73.941275,3900.0,3898,7798.0
867,882,3619,Newtown Ave & 23 St,40.7713615,-73.9246145,3761.0,3767,7528.0
868,883,3620,11 St & 43 Ave,40.7519071,-73.94791190000002,1119.0,1127,2246.0
869,884,3621,27 Ave & 9 St,40.7739825,-73.93091340000002,1886.0,1891,3777.0
870,885,3622,E 128 St & Madison Ave,40.80756,-73.93918199999997,3133.0,3184,6317.0
871,886,3623,W 120 St & Claremont Ave,40.8109494,-73.9634,5069.0,4390,9459.0
872,887,3625,28 St & 40 Ave,40.7525758,-73.9364281,661.0,631,1292.0
873,888,3628,Lenox Ave & W 117 St,40.8025566,-73.9490782,6999.0,7123,14122.0
874,889,3629,Adam Clayton Powell Blvd & W 126 St,40.80949535,-73.94776493,3990.0,4184,8174.0
875,890,3630,Frederick Douglass Blvd & W 115 St,40.8038654,-73.95593079999998,4875.0,5001,9876.0
876,891,3631,Crown St & Bedford Ave,40.666563,-73.95674100000002,970.0,1003,1973.0
877,892,3632,E 12 St & Avenue B,40.72804857,-73.9788115,13897.0,14649,28546.0
878,894,3635,W 36 St & 9 Ave,40.75462324,-73.99516761,9875.0,9932,19807.0
879,895,3636,Expansion Warehouse 333 Johnson Ave,40.70773148,-73.93452287,4.0,4,8.0
880,896,3637,Fulton St & Waverly Ave,40.68323865,-73.96599591,9908.0,9776,19684.0
881,897,3638,Washington St,40.7242941,-74.0354826,,3,
882,898,3639,Harborside,40.71925170000001,-74.034234,,8,
883,899,3640,Journal Square,40.73367,-74.0625,,2,
884,900,3641,Broadway & W 25 St,40.74286877,-73.98918629,52249.0,51955,104204.0
885,901,3642,E 98 St & Lexington Ave,40.7872852,-73.95012259,222.0,225,447.0
886,902,3643,E 41 St & 5 Ave,40.75272201,-73.98123622,3638.0,3533,7171.0
887,903,3644,Van Dyke St & Van Brunt St,40.67581623,-74.01488185,871.0,984,1855.0
888,904,3645,Pathmark Depot,40.67233267,-73.99706125,,2,
889,905,3646,35 Ave & 10 St,40.76315482,-73.9398551,2036.0,2042,4078.0
890,906,3647,48 Ave & 30 Pl,40.74128309,-73.93725872,1388.0,1390,2778.0
891,907,3648,Flushing Ave & Vanderbilt Ave,40.69795032,-73.9707756,8832.0,9417,18249.0
892,908,3649,W 129 St & Convent Ave,40.81439444,-73.95324737,2885.0,2878,5763.0
893,911,3652,NYCBS Depot - 3AV,40.67013328,-73.99230838,,1,
894,912,3653,31 St & 35 Ave,40.75820465,-73.92832159999998,1705.0,1707,3412.0
895,913,3654,31 St & Northern Blvd,40.75186951,-73.9334929,2283.0,2210,4493.0
896,914,3656,E 2 St & Avenue A,40.72307749,-73.98583621,27018.0,27284,54302.0
897,915,3658,W 18 St & 9 Ave,40.74353373,-74.00367558,14624.0,14740,29364.0
898,916,3659,W 17 St & 9 Ave,40.74294892,-74.00413692,10933.0,11310,22243.0
899,917,3660,W 16 St & 8 Ave,40.74102151,-74.00138497,28171.0,28320,56491.0
900,918,3661,Montgomery St & Franklin Ave,40.66643931,-73.96055639,1256.0,1279,2535.0
901,919,3662,31 Ave & Steinway St,40.7612939,-73.91691685,3750.0,3726,7476.0
902,920,3663,Sterling Pl & 7 Ave,40.67716489,-73.97382796,4258.0,4222,8480.0
903,921,3664,North Moore St & Greenwich St,40.72019521,-74.01030064,31711.0,34484,66195.0
904,922,3666,32 St & 30 Ave,40.76642553,-73.92062902,2363.0,2368,4731.0
905,923,3668,Leonard St & Nassau Ave,40.72395678,-73.94984365,8826.0,8893,17719.0
906,924,3669,Henry St & W 9 St,40.67630358,-74.00314048,596.0,619,1215.0
907,925,3671,E 81 St & 2 Ave,40.77477945,-73.95427465,8738.0,8707,17445.0
908,927,3673,Dean St & Franklin Ave,40.67759207,-73.95563722,5183.0,5137,10320.0
909,928,3674,Jay St & York St,40.70140317,-73.9867267,19455.0,21596,41051.0
910,929,3675,3 Ave & E 95 St,40.7845968,-73.94968539,4125.0,4158,8283.0
911,930,3676,Van Brunt St & Van Dyke St,40.67583294,-74.01472628,4874.0,5695,10569.0
912,931,3678,Fairmount Ave,40.72572614,-74.07195926,,1,
913,932,3680,E 43 St & 5 Ave,40.75412081,-73.98025185,19080.0,18744,37824.0
914,933,3681,Grand St,40.71517768,-74.03768331,,2,
915,934,3683,Smart Cities Conference,40.71015471,-73.98453534,20.0,15,35.0
916,935,3684,W 12 St & W 4 St,40.73756121,-74.00398269,10441.0,10552,20993.0
917,936,3685,Prospect Park - 5 Year Anniversary Celebration,40.66065237,-73.96459043,24.0,25,49.0
918,937,3686,Gansevoort St & Hudson St,40.73944820000001,-74.00507033,29715.0,30149,59864.0
919,938,3687,E 33 St & 1 Ave,40.74322681,-73.97449784,27253.0,26743,53996.0
920,939,3688,2 Ave & E 55 St,40.75792021,-73.96638215,3831.0,3844,7675.0
921,940,3689,W 104 St & Amsterdam Ave,40.79904139,-73.96649479999998,5439.0,4778,10217.0
922,941,3690,Park Pl & Church St,40.71334184,-74.00935516,9163.0,9200,18363.0
923,942,3691,28 Ave & 44 St,40.76408932,-73.91065121,2233.0,2235,4468.0
924,943,3692,5 St & Market St,40.69999748,-73.97440128,1780.0,1807,3587.0
925,944,3693,N 11 St & Kent Ave,40.72248189,-73.95921931,5239.0,5339,10578.0
926,945,3695,E 5 St & 2 Ave,40.72686952,-73.98919031,2742.0,2778,5520.0
927,946,3697,W 64 St & Thelonious Monk Circle,40.77515953,-73.98918696,13724.0,13404,27128.0
928,947,3699,W 50 St & 9 Ave,40.76360468,-73.98917958,10962.0,10833,21795.0
929,948,3700,E 87 St & 3 Ave,40.77940609,-73.95333588,443.0,442,885.0
930,949,3701,Cliff St & Fulton St,40.70831794,-74.00504082,7477.0,7601,15078.0
931,950,3704,47 Ave & Skillman Ave,40.74375241,-73.94176483,616.0,624,1240.0
932,951,3705,Thompson St & Bleecker St,40.72840059,-73.99968781,2205.0,2222,4427.0
933,952,3707,Lexington Ave & E 26 St,40.741459000000006,-73.983293,17057.0,16682,33739.0
934,953,3708,W 13 St & 5 Ave,40.735445,-73.99431,14160.0,14200,28360.0
935,954,3709,W 15 St & 6 Ave,40.73804614,-73.99642959,9758.0,9839,19597.0
936,955,3711,E 13 St & Avenue A,40.72966729,-73.98067966,27239.0,25568,52807.0
937,956,3712,W 35 St & Dyer Ave,40.75469175,-73.99740189,10180.0,10122,20302.0
938,957,3714,Division Av & Hooper St,40.70684203,-73.95443540000002,2922.0,2647,5569.0
939,958,3715,Driggs Ave & N 9 St,40.71816969,-73.95520136,9443.0,9690,19133.0
940,959,3716,40 Ave & Crescent St,40.7535992,-73.93795609,676.0,673,1349.0
941,960,3718,E 11 St & Avenue B,40.72746421,-73.97950418,13811.0,13180,26991.0
942,961,3719,S Portland Ave & Atlantic Ave,40.68322254,-73.97381186,71.0,83,154.0
943,962,3720,Wyckoff St & Bond St,40.68461654,-73.98721285,966.0,1045,2011.0
944,963,3721,31 St & Newtown Ave,40.76754878,-73.92093346,5037.0,4994,10031.0
945,964,3723,Cadman Plaza E & Johnson St,40.69531728,-73.99015725,3673.0,3699,7372.0
946,965,3724,7 Ave & Central Park South,40.76674056,-73.97906899,15154.0,14847,30001.0
947,966,3725,2 Ave & E 72 St,40.76876203,-73.95840794,8019.0,8018,16037.0
948,967,3726,Center Blvd & 51 Ave,40.74336608,-73.95960689,2596.0,2610,5206.0
949,968,3727,Frost St & Meeker Ave,40.71784798,-73.94752018,1808.0,1755,3563.0
950,969,3728,Pierrepont St & Monroe Pl,40.69535693,-73.99344027,2792.0,2706,5498.0
951,970,3733,Avenue C & E 18 St,40.730563,-73.973984,7677.0,6944,14621.0
952,971,3734,E 58 St &  1 Ave (NW Corner),40.759125,-73.96265799999998,5752.0,5688,11440.0
953,972,3737,Stanton St & Norfolk St,40.720747,-73.986274,8598.0,8634,17232.0
954,973,3745,36 Ave & 31 St,40.75651273,-73.92957486,1849.0,1816,3665.0
955,974,3746,6 Ave & Broome St,40.72430832,-74.00473036,12787.0,13362,26149.0
956,975,3747,E 84 St & 3 Ave,40.77755374,-73.9551276,7092.0,7100,14192.0
957,976,3749,Lexington Ave & E 36 St,40.74757396,-73.97880077,7090.0,7080,14170.0
958,977,3755,DeKalb Ave & Franklin Ave,40.69064807,-73.95746179,2166.0,2146,4312.0
959,978,3756,White St & Moore St,40.704508,-73.9351,1298.0,1308,2606.0
960,979,3757,Stagg St & Morgan Ave,40.710681,-73.93372,690.0,686,1376.0
961,980,3758,George St & Wilson Ave,40.702997,-73.92997,950.0,954,1904.0
962,981,3759,Irving Ave & Jefferson St,40.70538,-73.92535,1073.0,1088,2161.0
963,982,3760,Willoughby Ave & Wyckoff Ave,40.705614,-73.92153,1188.0,1210,2398.0
964,983,3761,Cedar St & Myrtle Ave,40.697842,-73.926241,1809.0,1816,3625.0
965,984,3762,3 Ave & Carroll St,40.677027,-73.9865,1297.0,1372,2669.0
966,985,3763,Wyckoff Av & Jefferson St,40.707165,-73.923711,1962.0,1976,3938.0
967,986,3764,Bushwick Ave & McKibbin St,40.705517,-73.93936,693.0,695,1388.0
968,987,3765,Bushwick Ave & Stagg St,40.709897,-73.94008000000002,391.0,381,772.0
969,988,3766,Sharon St & Olive St,40.715353,-73.93856,1561.0,1545,3106.0
970,989,3767,Powers St & Olive St,40.71323,-73.93894,1038.0,1024,2062.0
971,990,3768,Waterbury St & Stagg St,40.71019,-73.93734,729.0,722,1451.0
972,991,3769,White St & Johnson Ave,40.707174,-73.93581,407.0,408,815.0
973,992,3770,Central Ave & Flushing Ave,40.702831,-73.9333,1055.0,1033,2088.0
974,993,3771,McKibbin St & Bogart St,40.706237,-73.933871,1594.0,1623,3217.0
975,994,3772,Devoe St & Morgan Ave,40.713811,-73.93515,716.0,705,1421.0
976,995,3773,Knickerbocker Ave & Thames St,40.70539,-73.92976,859.0,856,1715.0
977,996,3774,Knickerbocker Ave & George St,40.704425,-73.92836,877.0,883,1760.0
978,997,3775,Suydam St & Knickerbocker Ave,40.702013,-73.923769,1287.0,1297,2584.0
979,998,3776,Central Ave & Starr Street,40.700003,-73.92834,1379.0,1366,2745.0
980,999,3777,Stockholm St & Wilson Ave,40.699304,-73.92304399999998,761.0,764,1525.0
981,1000,3778,Irving Ave & DeKalb Ave,40.7027,-73.92095,703.0,718,1421.0
982,1001,3779,Hart St & Wyckoff Ave,40.704876,-73.919911,889.0,889,1778.0
983,1002,3780,Wyckoff Av & Stanhope St,40.703545,-73.917775,101.0,107,208.0
984,1003,3781,Greene Av & Myrtle Av,40.698568,-73.918877,1584.0,1615,3199.0
985,1004,3782,Brooklyn Bridge Park - Pier 2,40.698458,-73.997178,2134.0,2164,4298.0
986,1005,3783,Cliff St & Fulton St,40.70838,-74.00495,5006.0,5146,10152.0
987,1006,3787,Dock 72 Way & Market St,40.69985,-73.97140999999998,1120.0,1116,2236.0
988,1007,3788,E 12 St & 4 Av,40.73269000000001,-73.98974,8380.0,8482,16862.0
989,1008,3789,Fulton St & Irving Pl,40.68186,-73.95943199999998,1252.0,1251,2503.0
990,1009,3790,Henry St & Middagh St,40.7003,-73.99158100000002,2839.0,2831,5670.0
991,1010,3791,Hoboken Ave at Monmouth St,40.73520838,-74.04696375,,2,
992,1011,3793,Stuyvesant Walk & 1 Av Loop,40.73233978,-73.97898383,984.0,989,1973.0
993,1012,3795,10 St & 2 Ave,40.671907,-73.993612,542.0,552,1094.0
994,1013,3798,W 40 St & 5 Ave,40.752269,-73.982079,5064.0,4948,10012.0
995,1014,3799,6 Ave & W 34 St,40.74964,-73.98805,5274.0,5219,10493.0
996,1015,3803,Bedford Ave & Montgomery St,40.665816,-73.95693399999998,301.0,310,611.0
997,1016,3804,Front St & Jay St,40.702461,-73.98684200000002,2211.0,2188,4399.0
998,1017,3805,E 80 St & Park Ave,40.776173,-73.959757,579.0,567,1146.0
999,1018,3809,W 55 St & 6 Ave,40.763201,-73.97845799999997,3887.0,3828,7715.0
1000,1019,3810,Central Park West & W 82 St,40.782593,-73.971211,2914.0,2540,5454.0
1001,1020,3811,27 Ave & 3 St,40.77485,-73.9342,199.0,206,405.0
1002,1021,3812,University Pl & E 14 St,40.734814,-73.992085,5787.0,5972,11759.0
1003,1022,3814,E 56 St & Madison Ave,40.761573,-73.972628,182.0,188,370.0
1004,1023,3815,E 51 St & 2 Ave,40.755293,-73.967641,917.0,908,1825.0
1005,1024,3816,Metropolitan Ave & Vandervoort Ave,40.71429000000001,-73.93323000000002,28.0,27,55.0
1006,1025,3817,Withers St & Kingsland Ave,40.71773,-73.94051,191.0,189,380.0
1007,1026,3818,Calyer St & Jewel St,40.72984,-73.94839,165.0,177,342.0
1008,1027,3819,Green St & McGuinness Blvd,40.73396,-73.95204,140.0,133,273.0
1009,1028,3820,Willoughby Ave & Myrtle Ave,40.69757,-73.93098,238.0,238,476.0
1010,1029,3821,Evergreen Ave & Noll St,40.70106,-73.93318000000002,99.0,104,203.0
1011,1030,3822,Bushwick Ave & Forrest St,40.70076,-73.93641,86.0,87,173.0
1012,1031,3823,Beaver St & Fayette St,40.70099,-73.93921,221.0,226,447.0
1013,1032,3824,Van Sinderen Ave & Truxton St,40.6786,-73.90369,5.0,8,13.0
1014,1033,3825,Broadway & Furman Ave,40.68139,-73.90756,1.0,1,2.0
1015,1034,3826,Moffat St & Bushwick,40.68458,-73.90925,20.0,21,41.0
1016,1035,3827,Halsey St & Broadway,40.68565,-73.91564,49.0,47,96.0
1017,1036,3828,Eldert St & Bushwick Ave,40.68652,-73.91320999999998,29.0,29,58.0
1018,1037,3829,Central Ave & Decatur St,40.6882,-73.90798000000002,13.0,13,26.0
1019,1038,3830,Halsey St & Evergreen Ave,40.68858,-73.91226999999998,10.0,10,20.0
1020,1040,3832,Central Ave & Weirfield St,40.69055,-73.91181,15.0,16,31.0
1021,1041,3833,Madison St & Evergreen Ave,40.69122,-73.91693000000002,28.0,28,56.0
1022,1042,3834,Irving Ave & Halsey St,40.69467,-73.90663,61.0,63,124.0
1023,1043,3835,Knickerbocker Ave & Hancock St,40.69385,-73.90974,15.0,15,30.0
1024,1044,3836,Bushwick Ave & Linden St,40.69146,-73.92146,47.0,47,94.0
1025,1045,3837,Broadway & Kosciuszko St,40.69329000000001,-73.92851999999998,80.0,80,160.0
1026,1046,3838,Bushwick Ave & Harman St,40.69356,-73.92524,61.0,62,123.0
1027,1047,3839,Putnam Ave & Knickerbocker Ave,40.69545,-73.91164,68.0,68,136.0
1028,1048,3840,Putnam Ave & Wyckoff Ave,40.69811,-73.90904,100.0,96,196.0
1029,1049,3841,Menahan St & Central Ave,40.69543,-73.9196,30.0,32,62.0
1030,1050,3842,Bushwick Ave & Dekalb Ave,40.69502,-73.92825,185.0,187,372.0
1031,1051,3843,Myrtle Ave & Grove St,40.69905,-73.91516,55.0,56,111.0
1032,1052,3844,Myrtle Ave & Linden St,40.69943,-73.91337,96.0,94,190.0
1033,1053,3845,Irving Ave & Harman St,40.70108,-73.9179,72.0,74,146.0
1034,1054,3846,Central Ave & Himrod St,40.69676,-73.92302,38.0,39,77.0
1035,1055,3847,Cedar St & Evergreen Ave,40.69671,-73.92806999999998,31.0,31,62.0
1036,1056,3848,Suydam St & Broadway,40.69544000000001,-73.93223,113.0,113,226.0
1037,1057,3849,Suydam St & St. Nicholas Ave,40.70636,-73.91945,47.0,48,95.0
1038,1058,3850,Jefferson St & Cypress Ave,40.70907,-73.92156999999997,131.0,135,266.0
1039,1059,3851,Metropolitan Ave & Stewart Ave,40.71401,-73.92793,33.0,33,66.0
1040,1060,3852,Stewart Ave & Johnson Ave,40.70869,-73.92586999999997,54.0,64,118.0
1041,1061,3853,Harrison Pl & Porter Ave,40.70686,-73.92851,119.0,118,237.0
1042,1062,3854,Morgan Ave & Maspeth Ave,40.716657,-73.93637,49.0,49,98.0
1043,1063,3855,Frost St & Debevoise Ave,40.71882,-73.93948,67.0,68,135.0
1044,1064,3856,Kingsland Ave & Nassau Ave,40.72577,-73.94173,378.0,377,755.0
1045,1065,3857,Engert Ave & McGuinness Blvd,40.72158,-73.94546,152.0,151,303.0
1046,1066,3858,Kent St & McGuinness Blvd,40.73124,-73.95161,150.0,151,301.0
1047,1067,3860,Wilson Ave & Troutman St,40.70166,-73.92754000000002,84.0,85,169.0
1048,1068,3861,Menahan St & Wyckoff Ave,40.70113,-73.91422,70.0,71,141.0
1049,1069,3862,Linden St & Knickerbocker Ave,40.69714000000001,-73.91566,26.0,27,53.0
1050,1070,3863,Central Ave & Woodbine St,40.69296,-73.91605,50.0,53,103.0
1051,1071,3864,Central Ave & Covert St,40.68929,-73.90951,29.0,31,60.0
1052,1072,3865,Knickerbocker Ave & Cooper St,40.69081,-73.90448,31.0,32,63.0
1053,1073,3866,Wilson Ave & Moffat St,40.68906,-73.90505999999998,18.0,18,36.0
1054,1074,3867,Somers St & Broadway,40.67945,-73.90474,1.0,1,2.0
1055,1075,3868,Knickerbocker Ave & Halsey St,40.69300000000001,-73.90824,28.0,29,57.0
1056,1076,3869,Van Buren St & Broadway,40.692,-73.92617,47.0,48,95.0
1057,1077,3870,Melrose St & Broadway,40.697481,-73.935877,112.0,111,223.0
1058,1078,3871,Bushwick Ave & Furman Ave,40.68281,-73.90623000000002,8.0,8,16.0
1059,1080,3873,Madison St & Cypress Ave,40.70068,-73.90742,5.0,5,10.0
1060,1081,3874,Menahan St & Seneca Ave,40.70461,-73.91054,6.0,6,12.0
1061,1082,3875,Stephen St & Seneca Ave,40.6988,-73.9007,4.0,5,9.0
1062,1083,3876,Forest Ave & Summerfield St,40.69922,-73.89795,5.0,5,10.0
1063,1084,3878,Cypress Ave & George St,40.69812,-73.90271,5.0,6,11.0
1064,1085,3879,Broadway & Madison St,40.68822,-73.91966,31.0,32,63.0
1065,1086,3880,Willoughby Ave & Onderdonk Ave,40.7098,-73.91727,3.0,3,6.0
1066,1087,3881,12 Ave & W 125 St,40.818299,-73.96040500000002,164.0,181,345.0
1067,1088,3882,Norman St & Wyckoff Ave,40.69517000000001,-73.90311,16.0,16,32.0
1068,1089,3883,Harman St & Seneca Ave,40.70577,-73.91292,10.0,11,21.0
1069,1090,3885,Onderdonk Ave & Gates Ave,40.70413,-73.90737,6.0,7,13.0
1070,1091,3886,Menahan St & Onderdonk Ave,40.70553,-73.9096,2.0,2,4.0
1071,1092,3887,Flushing Ave & Woodward Ave,40.71246,-73.91873000000002,1.0,1,2.0
1072,1093,3890,Grove St & Broadway,40.69047,-73.923511,60.0,57,117.0
1073,1094,3891,Irving Ave & Palmetto St,40.698,-73.9127,35.0,34,69.0
1074,1095,3892,38 Ave & 29 St,40.75473,-73.93366999999998,27.0,29,56.0
1075,1096,3893,Rockaway Ave & Bainbridge St,40.68319988,-73.91166642,8.0,8,16.0
1076,1097,3895,Cypress Ave & Palmetto St,40.70157341,-73.90876293,8.0,9,17.0
1077,1098,3896,Madison St & Seneca Ave,40.70183,-73.90625,3.0,3,6.0
1078,1099,3898,E 63 St & 3 Ave,40.763954,-73.9646,127.0,110,237.0
1079,1100,3899,Manhattan Av & Leonard St,40.72084,-73.94844,25.0,25,50.0
1080,1101,3900,Morgan Ave & Lombardy St,40.72226,-73.93889,16.0,19,35.0
1081,1102,3901,Stanhope St & Fairview Ave,40.70998,-73.91116,3.0,2,5.0
1082,1103,3903,Jefferson Ave & Evergreen Ave,40.68989000000001,-73.91458,1.0,1,2.0
1083,1104,3908,Battery Pl & Greenwich St,40.70463,-74.01507,35.0,39,74.0
