,station_id,station_name,station_latitude,station_longitude
0,72,W 52 St & 11 Ave,40.76727216,-73.99392888
1,79,Franklin St & W Broadway,40.71911552,-74.00666661
2,82,St James Pl & Pearl St,40.71117416,-74.00016545
3,83,Atlantic Ave & Fort Greene Pl,40.68382604,-73.97632328
4,116,W 17 St & 8 Ave,40.74177603,-74.00149746
5,119,Park Ave & St Edwards St,40.69608941,-73.97803415
6,120,Lexington Ave & Classon Ave,40.68676793,-73.95928168
7,127,Barrow St & Hudson St,40.73172428,-74.00674436
8,128,MacDougal St & Prince St,40.72710258,-74.00297088
9,137,E 56 St & Madison Ave,40.761628,-73.972924
10,143,Clinton St & Joralemon St,40.69239502,-73.99337909
11,144,Nassau St & Navy St,40.69839895,-73.98068914
12,146,Hudson St & Reade St,40.71625008,-74.0091059
13,147,Greenwich St & Warren St,40.71542197,-74.01121978
14,150,E 2 St & Avenue C,40.720873600000004,-73.98085795
15,151,Cleveland Pl & Spring St,40.72210379,-73.99724901
16,152,Warren St & Church St,40.71473993,-74.00910627
17,153,E 40 St & 5 Ave,40.75206231,-73.9816324
18,157,Henry St & Atlantic Ave,40.69089272,-73.99612349
19,160,E 37 St & Lexington Ave,40.748158000000004,-73.978462
20,161,LaGuardia Pl & W 3 St,40.72917025,-73.99810231
21,164,E 47 St & 2 Ave,40.75323098,-73.97032517
22,167,E 39 St & 3 Ave,40.7489006,-73.97604882
23,168,W 18 St & 6 Ave,40.73971301,-73.99456405
24,173,Broadway & W 49 St,40.76068327,-73.98452729
25,174,E 25 St & 1 Ave,40.7381765,-73.97738662
26,195,Liberty St & Broadway,40.70905623,-74.01043382
27,212,W 16 St & The High Line,40.74334935,-74.00681753
28,216,Columbia Heights & Cranberry St,40.70037867,-73.99548059
29,217,Old Fulton St,40.70277159,-73.99383605
30,218,Gallatin Pl & Livingston St,40.69028437,-73.98707105
31,223,W 13 St & 7 Ave,40.73781509,-73.99994661
32,224,Spruce St & Nassau St,40.71146364,-74.00552427
33,225,W 14 St & The High Line,40.74195138,-74.00803013
34,228,E 48 St & 3 Ave,40.7546011,-73.97187886
35,229,Great Jones St,40.72743423,-73.99379025
36,232,Cadman Plaza E & Tillary St,40.69597683,-73.99014892
37,233,Cadman Plaza W & Pierrepont St,40.69475701,-73.99052739
38,236,St Marks Pl & 2 Ave,40.7284186,-73.98713956
39,237,E 11 St & 2 Ave,40.73047309,-73.98672378
40,238,Bank St & Washington St,40.7361967,-74.00859207
41,239,Willoughby St & Fleet St,40.69196566,-73.9813018
42,241,DeKalb Ave & S Portland Ave,40.68981035,-73.97493121
43,242,Carlton Ave & Flushing Ave,40.697787,-73.973736
44,243,Fulton St & Rockwell Pl,40.688226,-73.979382
45,244,Willoughby Ave & Hall St,40.69196035,-73.96536851
46,245,Myrtle Ave & St Edwards St,40.69327018,-73.97703874
47,247,Perry St & Bleecker St,40.73535398,-74.00483091
48,248,Laight St & Hudson St,40.72185379,-74.00771779
49,249,Harrison St & Hudson St,40.71870987,-74.0090009
50,250,Lafayette St & Jersey St N,40.72456089,-73.99565293
51,251,Mott St & Prince St,40.72317958,-73.99480012
52,252,MacDougal St & Washington Sq,40.73226398,-73.99852205
53,253,W 13 St & 5 Ave,40.73543934,-73.99453948
54,254,W 11 St & 6 Ave,40.73532427,-73.99800419
55,255,NYCBS Depot - SSP,40.646768,-74.01651
56,257,Lispenard St & Broadway,40.71939226,-74.00247214
57,258,DeKalb Ave & Vanderbilt Ave,40.68940747,-73.96885458
58,259,South St & Whitehall St,40.70122128,-74.01234218
59,260,Broad St & Bridge St,40.70365182,-74.01167797
60,261,Johnson St & Gold St,40.69474881,-73.98362464
61,262,Washington Park,40.6917823,-73.97372990000001
62,263,Elizabeth St & Hester St,40.71759082,-73.9962244
63,264,Maiden Ln & Pearl St,40.70706456,-74.00731853
64,265,Stanton St & Chrystie St,40.72229346,-73.99147535
65,266,Avenue D & E 8 St,40.72368361,-73.97574813
66,267,Broadway & W 36 St,40.75097711,-73.98765428
67,268,Howard St & Centre St,40.71910537,-73.99973337
68,270,Adelphi St & Myrtle Ave,40.69308257,-73.97178913
69,271,Ashland Pl & Hanson Pl,40.68522672,-73.97800148
70,274,Lafayette Ave & Fort Greene Pl,40.68691865,-73.976682
71,275,Washington Ave & Greene Ave,40.68650065,-73.96563307
72,276,Duane St & Greenwich St,40.71748752,-74.0104554
73,278,Concord St & Bridge St,40.69766564,-73.98476437
74,279,Peck Slip & Front St,40.707873,-74.00166999999999
75,280,E 10 St & 5 Ave,40.73331967,-73.99510132
76,281,Grand Army Plaza & Central Park S,40.764397100000004,-73.97371465
77,282,Kent Ave & S 11 St,40.70764494,-73.96841526
78,284,Greenwich Ave & 8 Ave,40.73901691,-74.00263761
79,285,Broadway & E 14 St,40.73454567,-73.99074142
80,289,Monroe St & Classon Ave,40.684568299999995,-73.95881081
81,290,2 Ave & E 58 St,40.76020258,-73.96478473
82,291,Madison St & Montgomery St,40.713126,-73.984844
83,293,Lafayette St & E 8 St,40.73020661,-73.99102628
84,294,Washington Square E,40.73049393,-73.99572140000001
85,295,Pike St & E Broadway,40.71406667,-73.99293911
86,296,Division St & Bowery,40.71413089,-73.99704679999999
87,297,E 15 St & 3 Ave,40.734232,-73.986923
88,298,3 Ave & Schermerhorn St,40.68683208,-73.9796772
89,300,Shevchenko Pl & E 7 St,40.728145,-73.990214
90,301,E 2 St & Avenue B,40.72217444,-73.98368779
91,302,Avenue D & E 3 St,40.72082834,-73.97793172
92,303,Mercer St & Spring St,40.72362738,-73.99949601
93,304,Broadway & Battery Pl,40.70463334,-74.01361706
94,305,E 58 St & 3 Ave,40.76095756,-73.96724467
95,306,Cliff St & Fulton St,40.70823502,-74.00530063
96,307,Canal St & Rutgers St,40.71427487,-73.98990025
97,308,St James Pl & Oliver St,40.71307916,-73.99851193
98,309,Murray St & West St,40.7149787,-74.013012
99,310,State St & Smith St,40.68926942,-73.98912867
100,311,Norfolk St & Broome St,40.7172274,-73.98802084
101,312,Allen St & Stanton St,40.722055,-73.989111
102,313,Washington Ave & Park Ave,40.69610226,-73.96751037
103,314,Cadman Plaza West & Montague St,40.69383,-73.990539
104,315,South St & Gouverneur Ln,40.70355377,-74.00670227
105,316,Fulton St & William St,40.70955958,-74.00653609
106,317,E 6 St & Avenue B,40.72453734,-73.98185424
107,318,E 43 St & Vanderbilt Ave,40.75320159,-73.9779874
108,319,Fulton St & Broadway,40.711065999999995,-74.009447
109,320,Leonard St & Church St,40.717571,-74.005549
110,321,Cadman Plaza E & Red Cross Pl,40.69991755,-73.98971773
111,322,Clinton St & Tillary St,40.696191999999996,-73.991218
112,323,Lawrence St & Willoughby St,40.69236178,-73.98631746
113,324,DeKalb Ave & Hudson Ave,40.689888,-73.981013
114,325,E 19 St & 3 Ave,40.73624527,-73.98473765
115,326,E 11 St & 1 Ave,40.72953837,-73.98426726
116,327,Vesey Pl & River Terrace,40.715337899999994,-74.01658354
117,328,Watts St & Greenwich St,40.72405549,-74.00965965
118,329,Greenwich St & North Moore St,40.72015227,-74.01036501
119,330,Reade St & Broadway,40.71450451,-74.00562789
120,331,Pike St & Monroe St,40.71173107,-73.99193043
121,332,Cherry St,40.71219906,-73.97948148
122,334,W 20 St & 7 Ave,40.74238787,-73.99726235
123,335,Washington Pl & Broadway,40.72903917,-73.99404649
124,336,Sullivan St & Washington Sq,40.73047747,-73.99906065
125,337,Old Slip & Front St,40.703799200000006,-74.00838676
126,339,Avenue D & E 12 St,40.72580614,-73.97422494
127,340,Madison St & Clinton St,40.71269042,-73.98776323
128,341,Stanton St & Mangin St,40.71782143,-73.97628939
129,342,Columbia St & Rivington St,40.71739973,-73.98016555
130,343,Clinton Ave & Flushing Ave,40.69794,-73.96986848
131,344,Monroe St & Bedford Ave,40.6851443,-73.95380904
132,345,W 13 St & 6 Ave,40.73649403,-73.99704374
133,346,Bank St & Hudson St,40.73652889,-74.00618026
134,347,Greenwich St & W Houston St,40.728846000000004,-74.00859100000001
135,348,W Broadway & Spring St,40.72490985,-74.00154702
136,349,Rivington St & Ridge St,40.71850211,-73.98329859
137,350,Clinton St & Grand St,40.71559509,-73.9870295
138,351,Front St & Maiden Ln,40.70530954,-74.00612572
139,352,W 56 St & 6 Ave,40.76340613,-73.97722479
140,353,S Portland Ave & Hanson Pl,40.68539567,-73.97431458
141,354,Emerson Pl & Myrtle Ave,40.69363137,-73.96223558
142,355,Bayard St & Baxter St,40.71602118,-73.99974372
143,356,Bialystoker Pl & Delancey St,40.71622644,-73.98261206
144,357,E 11 St & Broadway,40.73261787,-73.99158043
145,358,Christopher St & Greenwich St,40.73291553,-74.00711384
146,359,E 47 St & Park Ave,40.75510267,-73.97498696
147,360,William St & Pine St,40.70717936,-74.00887308
148,361,Allen St & Hester St,40.71605866,-73.99190759
149,362,Broadway & W 37 St,40.75172632,-73.98753523
150,363,West Thames St,40.70834698,-74.01713445
151,364,Lafayette Ave & Classon Ave,40.68900443,-73.96023854
152,365,Fulton St & Grand Ave,40.68223166,-73.9614583
153,366,Clinton Ave & Myrtle Ave,40.693261,-73.968896
154,367,E 53 St & Lexington Ave,40.75828065,-73.97069431
155,368,Carmine St & 6 Ave,40.73038599,-74.00214988
156,369,Washington Pl & 6 Ave,40.73224119,-74.00026394
157,372,Franklin Ave & Myrtle Ave,40.69454609,-73.95801365
158,373,Willoughby Ave & Walworth St,40.69331716,-73.95381995
159,375,Mercer St & Bleecker St S,40.72679454,-73.99695094
160,376,John St & William St,40.70862144,-74.00722156
161,377,6 Ave & Canal St,40.72243797,-74.00566443
162,379,W 31 St & 7 Ave,40.749156,-73.9916
163,380,W 4 St & 7 Ave S,40.73401143,-74.00293877
164,382,University Pl & E 14 St,40.73492695,-73.99200509
165,383,Greenwich Ave & Charles St,40.735238,-74.000271
166,384,Fulton St & Washington Ave,40.683048,-73.964915
167,385,E 55 St & 2 Ave,40.75797322,-73.96603308
168,386,Centre St & Worth St,40.71494807,-74.00234482
169,387,Centre St & Chambers St,40.71273266,-74.0046073
170,388,W 26 St & 10 Ave,40.74971775,-74.00295035
171,389,Broadway & Berry St,40.71044554,-73.96525063
172,390,Duffield St & Willoughby St,40.69221589,-73.9842844
173,391,Clark St & Henry St,40.69760127,-73.99344559
174,392,Jay St & Tech Pl,40.695065,-73.987167
175,393,E 5 St & Avenue C,40.72299208,-73.97995466
176,394,E 9 St & Avenue C,40.72521311,-73.97768752
177,395,Bond St & Schermerhorn St,40.68807003,-73.98410637
178,396,Lefferts Pl & Franklin Ave,40.68034242,-73.95576894
179,397,Fulton St & Clermont Ave,40.68415748,-73.96922273
180,398,Atlantic Ave & Furman St,40.69165183,-73.99997859999999
181,399,Lafayette Ave & St James Pl,40.68851534,-73.9647628
182,400,Pitt St & Stanton St,40.71926081,-73.98178024
183,401,Allen St & Rivington St,40.72019576,-73.98997825
184,402,Broadway & E 22 St,40.740343200000005,-73.98955109
185,403,E 2 St & 2 Ave,40.72502876,-73.99069656
186,404,9 Ave & W 14 St,40.7405826,-74.00550867
187,405,Washington St & Gansevoort St,40.739323,-74.008119
188,406,Hicks St & Montague St,40.69512845,-73.99595065
189,407,Henry St & Poplar St,40.700469,-73.991454
190,408,Market St & Cherry St,40.71076228,-73.99400398
191,409,DeKalb Ave & Skillman St,40.6906495,-73.95643107
192,410,Suffolk St & Stanton St,40.72066442,-73.98517977
193,411,E 6 St & Avenue D,40.72228087,-73.97668709
194,412,Forsyth St & Canal St,40.715815500000005,-73.99422366
195,414,Pearl St & Anchorage Pl,40.70281858,-73.98765762
196,415,Pearl St & Hanover Square,40.7047177,-74.00926027
197,416,Cumberland St & Lafayette Ave,40.68753406,-73.97265183
198,417,Barclay St & Church St,40.71291224,-74.01020234
199,418,Front St & Gold St,40.70224,-73.982578
200,419,Carlton Ave & Park Ave,40.69580705,-73.97355569
201,420,Clermont Ave & Lafayette Ave,40.68764484,-73.96968902
202,421,Clermont Ave & Park Ave,40.69573398,-73.97129668
203,422,W 59 St & 10 Ave,40.770513,-73.988038
204,423,W 54 St & 9 Ave,40.76584941,-73.98690506
205,426,West St & Chambers St,40.71754834,-74.01322069
206,427,Bus Slip & State St,40.701907,-74.013942
207,428,E 3 St & 1 Ave,40.72467721,-73.98783413
208,430,York St & Jay St,40.7014851,-73.98656928
209,431,Hanover Pl & Livingston St,40.68864636,-73.98263429
210,432,E 7 St & Avenue A,40.72621788,-73.98379855
211,433,E 13 St & Avenue A,40.72955361,-73.98057249
212,434,9 Ave & W 18 St,40.74317449,-74.00366443
213,435,W 21 St & 6 Ave,40.74173969,-73.99415556
214,436,Hancock St & Bedford Ave,40.68216564,-73.95399026
215,437,Macon St & Nostrand Ave,40.68098339,-73.95004798
216,438,St Marks Pl & 1 Ave,40.72779126,-73.98564945
217,439,E 4 St & 2 Ave,40.726280700000004,-73.98978041
218,440,E 45 St & 3 Ave,40.75255434,-73.97282625
219,441,E 52 St & 2 Ave,40.756014,-73.967416
220,442,W 27 St & 7 Ave,40.746646999999996,-73.993915
221,443,Bedford Ave & S 9 St,40.70853074,-73.96408963
222,444,Broadway & W 24 St,40.742354299999995,-73.98915076
223,445,E 10 St & Avenue A,40.72740794,-73.98142006
224,446,W 24 St & 7 Ave,40.74487634,-73.99529885
225,447,8 Ave & W 52 St,40.76370739,-73.9851615
226,448,W 37 St & 10 Ave,40.75660359,-73.9979009
227,449,W 52 St & 9 Ave,40.76461837,-73.98789473
228,450,W 49 St & 8 Ave,40.76227205,-73.98788205
229,453,W 22 St & 8 Ave,40.74475148,-73.99915362
230,454,E 51 St & 1 Ave,40.75455731,-73.96592976
231,455,1 Ave & E 44 St,40.75001986,-73.96905301
232,456,E 53 St & Madison Ave,40.75971079999999,-73.97402311
233,457,Broadway & W 58 St,40.76695317,-73.98169333
234,458,11 Ave & W 27 St,40.751396,-74.00522600000001
235,459,W 20 St & 11 Ave,40.746745000000004,-74.007756
236,460,S 4 St & Wythe Ave,40.71285887,-73.96590294
237,461,E 20 St & 2 Ave,40.73587678,-73.98205027
238,462,W 22 St & 10 Ave,40.74691959,-74.00451887
239,463,9 Ave & W 16 St,40.74206539,-74.00443172
240,464,E 56 St & 3 Ave,40.75934501,-73.96759673
241,465,Broadway & W 41 St,40.75513557,-73.98658032
242,466,W 25 St & 6 Ave,40.74395411,-73.99144871
243,467,Dean St & 4 Ave,40.68312489,-73.97895137
244,468,Broadway & W 56 St,40.7652654,-73.98192338
245,469,Broadway & W 53 St,40.76344058,-73.98268129
246,470,W 20 St & 8 Ave,40.74345335,-74.00004031
247,471,Grand St & Havemeyer St,40.71286844,-73.95698119
248,472,E 32 St & Park Ave,40.745712100000006,-73.98194829
249,473,Rivington St & Chrystie St,40.72110063,-73.99192540000001
250,474,5 Ave & E 29 St,40.7451677,-73.98683077
251,475,E 15 St & Irving Pl,40.73524276,-73.98758561
252,476,E 31 St & 3 Ave,40.74394314,-73.97966069
253,477,W 41 St & 8 Ave,40.75640548,-73.9900262
254,478,11 Ave & W 41 St,40.76030096,-73.99884222
255,479,9 Ave & W 45 St,40.76019252,-73.9912551
256,480,W 53 St & 10 Ave,40.76669671,-73.99061728
257,481,S 3 St & Bedford Ave,40.71260486,-73.96264403
258,482,W 15 St & 7 Ave,40.73935542,-73.99931783
259,483,E 12 St & 3 Ave,40.73223272,-73.98889957
260,484,W 44 St & 5 Ave,40.75500254,-73.98014437
261,485,W 37 St & 5 Ave,40.75038009,-73.98338988
262,486,Broadway & W 29 St,40.7462009,-73.98855723
263,487,E 20 St & FDR Drive,40.73314259,-73.97573881
264,488,W 39 St & 9 Ave,40.75645824,-73.99372222
265,489,10 Ave & W 28 St,40.75066386,-74.00176802
266,490,8 Ave & W 33 St,40.751551,-73.993934
267,491,E 24 St & Park Ave S,40.74096374,-73.98602213
268,492,W 33 St & 7 Ave,40.75019995,-73.99093085
269,493,W 45 St & 6 Ave (1),40.7568001,-73.98291153
270,494,W 26 St & 8 Ave,40.74734825,-73.99723551
271,495,W 47 St & 10 Ave,40.76269882,-73.99301222
272,496,E 16 St & 5 Ave,40.73726186,-73.99238967
273,497,E 17 St & Broadway,40.73704984,-73.99009296
274,498,Broadway & W 32 St,40.74854862,-73.98808416
275,499,Broadway & W 60 St,40.76915505,-73.98191841
276,500,Broadway & W 51 St,40.76228826,-73.98336183
277,501,FDR Drive & E 35 St,40.744219,-73.97121214
278,502,Henry St & Grand St,40.714215,-73.981346
279,503,E 20 St & Park Ave,40.73827428,-73.98751968
280,504,1 Ave & E 16 St,40.73221853,-73.98165557
281,505,6 Ave & W 33 St,40.74901271,-73.98848395
282,507,E 25 St & 2 Ave,40.73912601,-73.97973776
283,508,W 46 St & 11 Ave,40.76341379,-73.99667444
284,509,9 Ave & W 22 St,40.7454973,-74.00197139
285,510,W 51 St & 6 Ave,40.7606597,-73.98042047
286,511,E 14 St & Avenue B,40.72938685,-73.97772429
287,512,W 29 St & 9 Ave,40.750072700000004,-73.99839279
288,513,W 56 St & 10 Ave,40.768254,-73.988639
289,514,12 Ave & W 40 St,40.76087502,-74.00277668
290,515,W 43 St & 10 Ave,40.76009437,-73.99461843
291,516,E 47 St & 1 Ave,40.75206862,-73.96784384
292,517,Pershing Square South,40.751581,-73.97791
293,518,E 39 St & 2 Ave,40.74780373,-73.97344190000001
294,519,Pershing Square North,40.751872999999996,-73.97770600000001
295,520,W 52 St & 5 Ave,40.75992262,-73.97648516
296,521,8 Ave & W 31 St N,40.75096735,-73.99444208
297,522,E 51 St & Lexington Ave,40.75714758,-73.97207836
298,523,W 38 St & 8 Ave,40.75466591,-73.99138152
299,524,W 43 St & 6 Ave,40.75527307,-73.98316936
300,525,W 34 St & 11 Ave,40.75594159,-74.0021163
301,526,E 33 St & 5 Ave,40.74765947,-73.98490707
302,527,E 33 St & 2 Ave,40.744023,-73.976056
303,528,2 Ave & E 31 St,40.74290902,-73.97706058
304,529,W 42 St & 8 Ave,40.75756989999999,-73.99098507
305,530,11 Ave & W 59 St,40.771522,-73.99054100000001
306,531,Forsyth St & Broome St,40.71893904,-73.99266288
307,532,S 5 Pl & S 5 St,40.710451,-73.960876
308,533,Broadway & W 38 St,40.75299641,-73.98721619
309,534,Water - Whitehall Plaza,40.70255065,-74.0127234
310,536,1 Ave & E 30 St,40.74144387,-73.97536082
311,537,Lexington Ave & E 24 St,40.74025878,-73.98409214
312,538,E 48 St & Madison Ave,40.75666,-73.97668399999999
313,539,Metropolitan Ave & Bedford Ave,40.71534825,-73.96024116
314,540,Lexington Ave & E 29 St,40.74311555,-73.98215353
315,545,E 23 St & 1 Ave,40.736502,-73.97809472
316,546,E 30 St & Park Ave S,40.74444921,-73.98303529
317,2000,Front St & Washington St,40.70255088,-73.98940236
318,2001,Sands St & Navy St,40.699773,-73.979927
319,2002,Wythe Ave & Metropolitan Ave,40.716887,-73.96319799999999
320,2003,1 Ave & E 18 St,40.73381219,-73.98054421
321,2004,6 Ave & Broome St,40.724399,-74.004704
322,2005,Railroad Ave & Kay Ave,40.70531194,-73.97100056
323,2006,Central Park S & 6 Ave,40.76590936,-73.97634151
324,2008,Little West St & 1 Pl,40.70569254,-74.01677685
325,2009,Catherine St & Monroe St,40.71117444,-73.99682619
326,2010,Grand St & Greene St,40.72165481,-74.00234737
327,2012,E 27 St & 1 Ave,40.739445,-73.97680600000001
328,2017,E 43 St & 2 Ave,40.75022392,-73.97121414
329,2021,W 45 St & 8 Ave,40.75929124,-73.98859651
330,2022,E 60 St & York Ave,40.759107,-73.959223
331,2023,E 55 St & Lexington Ave,40.75968085,-73.97031366
332,3000,MLSWKiosk,40.755466999999996,-73.986536
333,3002,South End Ave & Liberty St,40.711512,-74.01575600000001
334,3014,3969.TEMP (Bike The Branches - Central Branch),40.722852,-73.959114
335,3016,Mobile 01,40.77105186,-73.9643383
336,3017,NYCBS Depot - FAR,40.751483,-73.996764
337,3019,NYCBS Depot - DEL,40.716633,-73.981933
338,3020,NYCBS Test,40.646606799999994,-74.01597
339,3036,8D OPS 01,40.68486875,-74.02544975
340,3039,NYCBS Depot - DYR,40.75908809,-73.99375051
341,3040,SSP Tech Workshop,40.646678,-74.016263
342,3041,Kingston Ave & Herkimer St,40.67890679,-73.94142771
343,3042,Fulton St & Utica Ave,40.6794268,-73.92989109999999
344,3043,Lewis Ave & Decatur St,40.6814598,-73.934903
345,3044,Albany Ave & Fulton St,40.6800105,-73.938475
346,3046,Marcus Garvey Blvd & Macon St,40.682601,-73.938037
347,3047,Halsey St & Tompkins Ave,40.682368700000005,-73.944118
348,3048,Putnam Ave & Nostrand Ave,40.684020000000004,-73.94977
349,3049,Cambridge Pl & Gates Ave,40.68488,-73.96304
350,3050,Putnam Ave & Throop Ave,40.6851532,-73.94111
351,3052,Lewis Ave & Madison St,40.686312,-73.935775
352,3053,Marcy Ave & Lafayette Ave,40.6900815,-73.94791500000001
353,3054,Greene Ave & Throop Ave,40.6894932,-73.942061
354,3055,Greene Ave & Nostrand Ave,40.68833370000001,-73.950916
355,3056,Kosciuszko St & Nostrand Ave,40.69072549,-73.95133465
356,3057,Kosciuszko St & Tompkins Ave,40.69128258,-73.9452416
357,3058,Lewis Ave & Kosciuszko St,40.69237074,-73.93705428
358,3059,Pulaski St & Marcus Garvey Blvd,40.693398200000004,-73.939877
359,3060,Willoughby Ave & Tompkins Ave,40.69425403,-73.94626915
360,3061,Throop Ave & Myrtle Ave,40.69622937,-73.94371094
361,3062,Myrtle Ave & Marcy Ave,40.69539817,-73.94954908
362,3063,Nostrand Ave & Myrtle Ave,40.69527008,-73.95238108
363,3064,Myrtle Ave & Lewis Ave,40.69681963,-73.93756926
364,3065,Union Ave & Wallabout St,40.70029511,-73.95032283
365,3066,Tompkins Ave & Hopkins St,40.69957608,-73.94708417
366,3067,Broadway & Whipple St,40.7016657,-73.9437303
367,3068,Humboldt St & Varet St,40.7031724,-73.940636
368,3069,Lorimer St & Broadway,40.70411791,-73.94818595
369,3070,McKibbin St & Manhattan Ave,40.70510918,-73.94407279
370,3071,Boerum St & Broadway,40.70538077,-73.94976519
371,3072,Leonard St & Boerum St,40.70583339,-73.94644578
372,3073,Division Ave & Hooper St,40.70691254,-73.95441667
373,3074,Montrose Ave & Bushwick Ave,40.70767788,-73.94016171
374,3075,Division Ave & Marcy Ave,40.70708701,-73.95796783
375,3076,Scholes St & Manhattan Ave,40.70870368,-73.9448625
376,3077,Stagg St & Union Ave,40.70877084,-73.95095259
377,3078,Broadway & Roebling St,40.70925562,-73.95982218
378,3079,Leonard St & Grand St,40.71103537,-73.94714303
379,3080,S 4 St & Rodney St,40.709340000000005,-73.95608
380,3081,Graham Ave & Grand St,40.711863,-73.944024
381,3082,Hope St & Union Ave,40.71167351,-73.95141312
382,3083,Bushwick Ave & Powers St,40.71247661,-73.94100005
383,3084,Devoe St & Leonard St,40.71348658,-73.94792458
384,3085,Roebling St & N 4 St,40.714690000000004,-73.95739
385,3086,Graham Ave & Conselyea St,40.715143,-73.944507
386,3087,Metropolitan Ave & Meeker Ave,40.71413311,-73.95234386
387,3088,Union Ave & Jackson St,40.7160751,-73.95202900000001
388,3089,Leonard St & Meeker Ave,40.7173184,-73.94820213
389,3090,N 8 St & Driggs Ave,40.71774592,-73.95600096
390,3091,Frost St & Meeker St,40.71764,-73.94882
391,3092,Berry St & N 8 St,40.7190095,-73.95852515
392,3093,N 6 St & Bedford Ave,40.71745169,-73.95850939
393,3094,Graham Ave & Withers St,40.7169811,-73.94485918
394,3095,Graham Ave & Herbert St,40.71929301,-73.94500379
395,3096,Union Ave & N 12 St,40.71924,-73.95241999999999
396,3097,N Henry St & Richardson St,40.71921585,-73.94244690000001
397,3098,Leonard St & Bayard St,40.71928,-73.94861
398,3099,Leonard St & Manhattan Ave,40.7215224,-73.94898266
399,3100,Nassau Ave & Newell St,40.72481256,-73.94752622
400,3101,N 12 St & Bedford Ave,40.72079821,-73.95484712
401,3102,Driggs Ave & Lorimer St,40.72179134,-73.95041540000001
402,3103,N 11 St & Wythe Ave,40.72153267,-73.95782357
403,3104,Kent Ave & N 7 St,40.72057658,-73.96150225
404,3105,N 15 St & Wythe Ave,40.724055,-73.955736
405,3106,Driggs Ave & N Henry St,40.72325,-73.94308000000001
406,3107,Bedford Ave & Nassau Ave,40.72311651,-73.95212324
407,3108,Nassau Ave & Russell St,40.725570000000005,-73.94434
408,3109,Banker St & Meserole Ave,40.72606,-73.95621
409,3110,Meserole Ave & Manhattan Ave,40.72708584,-73.95299117
410,3111,Norman Ave & Leonard St,40.725848299999996,-73.95064893
411,3112,Milton St & Franklin St,40.72906,-73.95779
412,3113,Greenpoint Ave & Manhattan Ave,40.730259999999994,-73.95394
413,3114,India St & East River,40.73165141,-73.96161892
414,3115,India St & Manhattan Ave,40.73232194,-73.9550858
415,3116,Huron St & Franklin St,40.732659999999996,-73.95826
416,3117,Franklin St & Dupont St,40.735640000000004,-73.95866
417,3118,McGuinness Blvd & Eagle St,40.73555,-73.95284000000001
418,3119,Vernon Blvd & 50 Ave,40.74232744,-73.95411749
419,3120,Center BlvdÂ & Borden Ave,40.741609999999994,-73.96044
420,3121,Jackson Ave & 46 Rd,40.74524768,-73.94733276
421,3122,48 Ave & 5 St,40.74436329,-73.95587325
422,3123,31 St & Thomson Ave,40.74469738,-73.93540375
423,3124,46 Ave & 5 St,40.74731,-73.95451
424,3125,45 Rd & 11 St,40.74708586,-73.94977234
425,3126,44 Dr & Jackson Ave,40.74718234,-73.9432635
426,3127,9 St & 44 Rd,40.74966,-73.9521
427,3128,21 St & 43 Ave,40.75052534,-73.94594845
428,3129,Queens Plaza North & Crescent St,40.75110165,-73.94073717
429,3130,21 St & Queens Plaza North,40.75325964,-73.94335788
430,3131,E 68 St & 3 Ave,40.7671284,-73.96224618
431,3132,E 59 St & Madison Ave,40.76350532,-73.97109243
432,3133,E 67 St & Park Ave,40.76735637,-73.96493528
433,3134,3 Ave & E 62 St,40.76312584,-73.96526895
434,3135,E 75 St & 3 Ave,40.77112927,-73.95772297
435,3136,5 Ave & E 63 St,40.76650452,-73.97147595
436,3137,5 Ave & E 73 St,40.77282817,-73.96685276
437,3138,E 77 St & Park Ave,40.77440546,-73.96175265
438,3139,E 72 St & Park Ave,40.77122923,-73.96432627
439,3140,1 Ave & E 78 St,40.77140426,-73.9535166
440,3141,1 Ave & E 68 St,40.76500525,-73.95818491
441,3142,1 Ave & E 62 St,40.761227399999996,-73.96094022
442,3143,5 Ave & E 78 St,40.77682863,-73.96388769
443,3144,E 81 St & Park Ave,40.77677702,-73.95900970000001
444,3145,E 84 St & Park Ave,40.77862688,-73.95772073
445,3146,E 81 St & 3 Ave,40.77573034,-73.9567526
446,3147,E 85 St & 3 Ave,40.77801203,-73.95407149
447,3148,E 84 St & 1 Ave,40.77565541,-73.95068615
448,3149,E 82 St & 2 Ave,40.77517793,-73.95324922
449,3150,E 85 St & York Ave,40.77536905,-73.94803392
450,3151,E 81 St & York Ave,40.7728384,-73.94989233
451,3152,3 Ave & E 71 St,40.76873687,-73.96119945
452,3153,E 71 St & 2 Ave,40.76817547,-73.95910263
453,3154,E 77 St & 3 Ave,40.77314236,-73.95856158
454,3155,Lexington Ave & E 63 St,40.76440023,-73.96648977
455,3156,E 72 St & York Ave,40.76663814,-73.95348296
456,3157,East End Ave & E 86 St,40.77518615,-73.94446054
457,3158,W 63 St & Broadway,40.77163851,-73.98261428
458,3159,W 67 St & Broadway,40.77492513,-73.98266566
459,3160,Central Park West & W 76 St,40.77896784,-73.97374737
460,3161,W 76 St & Columbus Ave,40.78018397,-73.97728533
461,3162,W 78 St & Broadway,40.78339981,-73.98093133
462,3163,Central Park West & W 68 St,40.7734066,-73.97782542
463,3164,Columbus Ave & W 72 St,40.7770575,-73.97898475
464,3165,Central Park West & W 72 St,40.77575319,-73.97603963
465,3166,Riverside Dr & W 72 St ,40.78057799,-73.98562431
466,3167,Amsterdam Ave & W 73 St,40.77966809,-73.98093045
467,3168,Central Park West & W 85 St,40.78472675,-73.96961715
468,3169,Riverside Dr & W 82 St,40.78720869,-73.98128127
469,3170,W 84 St & Columbus Ave,40.78499979,-73.97283406
470,3171,Amsterdam Ave & W 82 St,40.78524672,-73.97667321
471,3172,W 74 St & Columbus Ave,40.7785669,-73.97754961
472,3173,Riverside Blvd & W 67 St,40.77750703,-73.98888588
473,3175,W 70 St & Amsterdam Ave,40.77748046,-73.98288594
474,3176,W 64 St & West End Ave,40.77452835,-73.98753759
475,3177,W 84 St & Broadway,40.7867947,-73.977112
476,3178,Riverside Dr & W 78 St,40.78414472,-73.98362492
477,3179,Park Ave & Marcus Garvey Blvd,40.698617,-73.941342
478,3180,Brooklyn Bridge Park - Pier 2,40.69878,-73.99712
479,3181,Soissons Landing,40.692609000000004,-74.016398
480,3182,Yankee Ferry Terminal,40.686931,-74.016966
481,3183,Exchange Place,40.7162469,-74.0334588
482,3184,Paulus Hook,40.7141454,-74.0335519
483,3185,City Hall,40.717732500000004,-74.04384499999999
484,3186,Grove St PATH,40.7192789,-74.0424515
485,3187,Warren St,40.721123600000006,-74.03805095
486,3188,NJCU,40.710108700000006,-74.0858489
487,3191,Union St,40.71821129999999,-74.08363940000001
488,3192,Liberty Light Rail,40.711242299999995,-74.0557013
489,3195,Sip Ave,40.73074263,-74.06378388
490,3196,Riverview Park,40.7443187,-74.04399090000001
491,3197,Hs Don't Use,40.71925171,-74.03423399
492,3198,Heights Elevator,40.748536200000004,-74.04031309999999
493,3199,Newport Pkwy,40.728744799999994,-74.03210820000001
494,3201,Dey St,40.737711,-74.066921
495,3202,Newport PATH,40.7272235,-74.03375890000001
496,3203,Hamilton Park,40.72759597,-74.04424731
497,3205,JC Medical Center,40.71653978,-74.04963791
498,3206,Hilltop,40.7311689,-74.0575736
499,3209,Brunswick St,40.7241765,-74.05065640000001
500,3210,Pershing Field,40.74267714,-74.05178863
501,3211,Newark Ave,40.72152515,-74.04630454
502,3212,Christ Hospital,40.73478582,-74.05044364
503,3213,Van Vorst Park,40.71848892,-74.04772663
504,3214,Essex Light Rail,40.712774200000005,-74.03648570000001
506,3219,NYCBS Depot - STY,40.729193,-73.97665500000001
507,3220,5 Corners Library,40.73496102,-74.05950308
508,3221,47 Ave & 31 St,40.743,-73.93561
509,3222,Hanson Pl & St Felix St,40.6851596,-73.97711366
510,3223,E 55 St & 3 Ave,40.75899656,-73.96865398
511,3224,W 13 St & Hudson St,40.73997354,-74.00513873
512,3225,Baldwin at Montgomery,40.7236589,-74.0641943
513,3226,W 82 St & Central Park West,40.78275,-73.97137
514,3229,Marcy Ave & MacDonough St,40.68061768,-73.94624949
515,3230,Penn Station Valet,40.7512836,-73.99692446
516,3231,E 67 St & Park Ave,40.767800799999996,-73.96592081
517,3232,Bond St & Fulton St,40.68962189,-73.98304269
518,3233,E 48 St & 5 Ave,40.75724568,-73.97805914
519,3234,E 40 St & Madison Ave,40.75159368,-73.98043156
520,3235,E 41 St & Madison Ave,40.75216528,-73.97992194
521,3236,PABT Valet,40.75898481,-73.99379969
522,3237,21 St & 41 Ave,40.75383343,-73.94267678
523,3238,E 80 St & 2 Ave,40.7739139,-73.95439535
524,3239,Bressler,40.64653837,-74.01658773
526,3241,Monroe St & Tompkins Ave,40.686203000000006,-73.944694
527,3242,Schermerhorn St & Court St,40.69102926,-73.99183363
528,3243,E 58 St & 1 Ave,40.75892386,-73.96226227
529,3244,University Pl & E 8 St,40.73143724,-73.99490342
530,3245,Kiosk in a box Motivate,40.6466779,-74.01630342
531,3246,Montague St & Clinton St,40.69428114,-73.99230033
534,3249,Verona Pl & Fulton St,40.68035608,-73.9476791
535,3250,NYCBS Depot - PIT,40.71690978,-73.98383796
536,3252,Bike The Branches - Red Hook Branch,40.67534953,-74.01002035
537,3253,Bike The Branches - Central Branch,40.67280641,-73.96886587
538,3254,Soissons Landing,40.69231661,-74.01486576
539,3255,8 Ave & W 31 St,40.75058535,-73.99468482
540,3256,Pier 40 - Hudson River Park,40.72771408,-74.01129574
541,3257,Adventures NYC,40.77376867,-73.97116989
542,3258,W 27 St & 10 Ave,40.75018156,-74.00218427
543,3259,9 Ave & W 28 St,40.74937024,-73.99923384
544,3260,Mercer St & Bleecker St,40.72706363,-73.99662137
545,3263,Cooper Square & E 7 St,40.7292365,-73.99086803
546,3264,E 61 St & Park Ave,40.76421007,-73.96910459
547,3265,E 2 St & 2 Ave,40.72456343,-73.98944378
548,3266,Kiosk in a box Deployment,40.70861098,-73.92850399
549,3267,Morris Canal,40.71241882,-74.03852552
550,3268,Lafayette Park,40.71346383,-74.06285852
551,3270,Jersey & 6th St,40.72528911,-74.04557168
552,3272,Jersey & 3rd,40.72333159,-74.04595256
553,3273,Manila & 1st,40.72165072,-74.04288411
554,3275,Columbus Drive,40.718355200000005,-74.03891444
555,3276,Marin Light Rail,40.7148245,-74.04298067
556,3277,Communipaw & Berry Lane,40.71435837,-74.06661093
557,3278,Monmouth and 6th,40.72568548,-74.04879034
558,3279,Dixon Mills,40.72163014,-74.04996783
559,3280,Astor Place,40.7192822,-74.07126188
560,3281,Leonard Gordon Park,40.74590997,-74.05727148
561,3282,5 Ave & E 88 St,40.78307,-73.95939
562,3283,W 89 St & Columbus Ave,40.7882213,-73.97041561
563,3284,E 88 St & Park Ave,40.7814107,-73.95595908
564,3285,W 87 St  & Amsterdam Ave,40.78839,-73.9747
565,3286,E 89 St & 3 Ave,40.7806284,-73.9521667
566,3287,W 87 St & West End Ave,40.790261,-73.977131
567,3288,E 88 St & 1 Ave,40.778301,-73.9488134
568,3289,W 90 St & Amsterdam Ave,40.79017948,-73.97288918
569,3290,E 89 St & York Ave,40.7779453,-73.94604100000001
570,3291,Riverside Dr & W 91 St,40.7933718,-73.97685115
571,3292,5 Ave & E 93 St,40.785785100000005,-73.957481
572,3293,W 92 St & Broadway,40.7921,-73.9739
573,3294,E 91 St & Park Ave,40.7835016,-73.955327
574,3295,Central Park W & W 96 St,40.791270000000004,-73.964839
575,3296,E 93 St & 2 Ave,40.78245418,-73.94891962
576,3297,6 St & 7 Ave,40.668662700000006,-73.97988067
577,3298,Warren St & Court St,40.686371,-73.99383324
578,3299,E 98 St & Park Ave,40.788129999999995,-73.95206
579,3300,Prospect Park West & 8 St,40.66514682,-73.97637606
580,3301,Columbus Ave & W 95 St,40.7919557,-73.968087
581,3302,Columbus Ave & W 103 St,40.7969347,-73.96434123
582,3303,Butler St & Court St,40.6849894,-73.99440329
583,3304,6 Ave & 9 St,40.668127,-73.98377641
584,3305,E 91 St & 2 Ave,40.7811223,-73.94965589
585,3306,10 St & 7 Ave,40.666207799999995,-73.98199886
586,3307,West End Ave & W 94 St,40.7941654,-73.974124
587,3308,Kane St & Clinton St,40.686175799999994,-73.99645295
588,3309,E 97 St & 3 Ave,40.7859201,-73.94860294
589,3310,14 St & 7 Ave,40.663779,-73.98396846
590,3311,Columbia St & Kane St,40.68763155,-74.0016256
591,3312,1 Ave & E 94 St,40.78172120000001,-73.94594000000001
592,3313,6 Ave & 12 St,40.666318100000005,-73.9854617
593,3314,W 95 St & Broadway,40.7937704,-73.971888
594,3315,Henry St & Degraw St,40.684751399999996,-73.99917254
595,3316,W 104 St & Amsterdam Ave,40.798993700000004,-73.96621738
596,3317,10 St & 5 Ave,40.6686273,-73.98700053
597,3318,2 Ave & E 96 St,40.7839636,-73.94716729999999
598,3319,14 St & 5 Ave,40.666287,-73.98895053
599,3320,Central Park West & W 100 St,40.793393,-73.96355559999999
600,3321,Clinton St & Union St,40.683116399999996,-73.99785267
601,3322,12 St & 4 Ave,40.668603000000004,-73.99043940000001
602,3323,W 106 St & Central Park West,40.798185600000004,-73.96059090000001
603,3324,3 Ave & 14 St,40.6685455,-73.99333264
604,3325,E 95 St & 3 Ave,40.7849032,-73.950503
605,3326,Clinton St & Centre St,40.67434,-74.00194698
606,3327,3 Ave & E 100 St,40.787721399999995,-73.94728331
607,3328,W 100 St & Manhattan Ave,40.795,-73.9645
608,3329,Degraw St & Smith St,40.6829151,-73.99318208
609,3330,Henry St & Bay St,40.672505799999996,-74.00494695
610,3331,Riverside Dr & W 104 St,40.8013434,-73.97114574
611,3332,Degraw St & Hoyt St,40.68199044,-73.99079025
612,3333,Columbia St & Lorraine St,40.6747055,-74.00755720000001
613,3335,Union St & 4 Ave,40.6772744,-73.98282002
614,3336,E 97 St & Madison Ave,40.787801,-73.953559
615,3337,Dwight St & Van Dyke St,40.67363551,-74.01195556
616,3338,2 Ave & E 99 St,40.786258600000004,-73.94552579
617,3339,Berkeley Pl & 6 Ave,40.6765304,-73.97846879
618,3340,Wolcott St & Dwight St,40.6753274,-74.0100698
619,3341,Central Park West & W 102 St,40.795346,-73.96186
620,3342,Pioneer St & Richards St,40.677774799999995,-74.0094613
621,3343,W 107 St & Columbus Ave,40.7997568,-73.96211287
622,3344,Pioneer St & Van Brunt St,40.679043,-74.011169
623,3345,Madison Ave & E 99 St,40.78948542,-73.95242929
624,3346,Berkeley Pl & 7 Ave,40.67514684,-73.97523209
625,3347,Van Brunt St & Wolcott St,40.6773429,-74.01275056
626,3348,Coffey St & Conover St,40.677236,-74.015665
627,3349,Grand Army Plaza & Plaza St West,40.6729679,-73.97087984
628,3350,W 100 St & Broadway,40.797372100000004,-73.97041192
629,3351,E 102 St & 1 Ave,40.7869946,-73.94164802
630,3352,Sigourney St & Columbia St,40.67267243,-74.00879525
631,3353,Reed St & Van Brunt St,40.6747844,-74.01612847
632,3354,3 St & Prospect Park West,40.668132,-73.97363831
633,3355,E 66 St & Madison Ave,40.76800889,-73.96845281
634,3356,Amsterdam Ave & W 66 St,40.7746671,-73.98470567
635,3357,W 106 St & Amsterdam Ave,40.80083629999999,-73.96644925
636,3358,Garfield Pl & 8 Ave,40.671197799999995,-73.97484126
637,3359,E 68 St & Madison Ave,40.7691572,-73.96703464
638,3360,Amsterdam Ave & W 79 St,40.7829391,-73.9786517
639,3361,Carroll St & 6 Ave,40.6740886,-73.9787282
640,3362,Madison Ave & E 82 St,40.7781314,-73.96069399
641,3363,E 102 St & Park Ave,40.7904828,-73.95033068
642,3364,Carroll St & 5 Ave,40.6751622,-73.9814832
643,3365,3 St & 7 Ave,40.67038370000001,-73.97839676
644,3366,West End Ave & W 107 St,40.8021174,-73.96818053
645,3367,5 Ave & E 103 St,40.792255299999994,-73.95249933
646,3368,5 Ave & 3 St,40.672815500000006,-73.98352355
647,3369,E 82 St & East End Ave,40.77246068,-73.9468208
648,3370,78 St & 2 Ave,40.7727966,-73.95577801
649,3371,4 Ave & 2 St,40.67461342,-73.98501143
650,3372,E 74 St & 1 Ave,40.7689738,-73.95482273
651,3373,3 St & 3 Ave,40.675070500000004,-73.98775226
652,3374,Central Park North & Adam Clayton Powell Blvd,40.799484,-73.955613
653,3375,3 Ave & E 72 St,40.7699426,-73.96060712
654,3376,E 65 St & 2 Ave,40.76471852,-73.9622207
655,3377,Carroll St & Bond St,40.6786115,-73.99037292
656,3378,E 76 St & Park Ave,40.773763,-73.96222088
657,3379,E 103 St & Lexington Ave,40.790305100000005,-73.94755757
658,3381,3 St & Hoyt St,40.6777287,-73.99364123
659,3382,Carroll St & Smith St,40.680611,-73.99475825
660,3383,Cathedral Pkwy & Broadway,40.804213,-73.96699104
661,3384,Smith St & 3 St,40.678724200000005,-73.99599099
662,3385,2 Ave & E 105 St,40.7898175,-73.94296109
663,3386,1 Pl & Clinton St,40.6809591,-73.99905709
664,3387,E 106 St & Madison Ave,40.79343370000001,-73.94945003
665,3388,President St & Henry St,40.6828003,-73.99990419
666,3389,Carroll St & Columbia St,40.6830456,-74.00348559
667,3390,E 109 St & 3 Ave,40.79329668,-73.9432083
668,3391,E 106 St & 1 Ave,40.7892529,-73.93956237
669,3392,Commerce St & Van Brunt St,40.681211700000006,-74.00860912
670,3393,Richards St & Delavan St,40.67943270000001,-74.00785041
671,3394,Columbia St & W 9 St,40.6769993,-74.00647134
672,3395,Henry St & W 9 St,40.6763744,-74.00324957
673,3396,Clinton St & 4 Place,40.6783563,-74.00014502
674,3397,Court St & Nelson St,40.6763947,-73.99869893
675,3398,Smith St & 9 St,40.67469570000001,-73.99785768
676,3399,7 St & 3 Ave,40.67260298,-73.98983002
677,3400,E 110 St & Madison Ave,40.796153499999996,-73.94782145
678,3401,2 Ave & 9 St,40.6724811,-73.99331394
679,3402,Court St & State St,40.6902375,-73.99203074
680,3403,4 Ave & 9 St,40.6705135,-73.98876585
681,3404,7 St & 5 Ave,40.670492200000005,-73.98541675
682,3405,5 St & 6 Ave,40.670483600000004,-73.98208968
683,3407,Union St & Nevins St,40.679097999999996,-73.98765475
684,3408,Congress St & Clinton St,40.6881529,-73.99520919
685,3409,Bergen St & Smith St,40.686744299999994,-73.99063168
686,3410,Dean St & Hoyt St,40.686444200000004,-73.98759104
687,3411,Bond St & Bergen St,40.6849668,-73.98620772
688,3412,Pacific St & Nevins St,40.6853761,-73.98302136
689,3413,Wyckoff St & 3 Ave,40.6827549,-73.98258555
690,3414,Bergen St & Flatbush Ave,40.68094472,-73.97567332
691,3415,Prospect Pl & 6 Ave,40.6793307,-73.97519523
692,3416,7 Ave & Park Pl,40.67761470000001,-73.97324283
693,3417,Baltic St & 5 Ave,40.6795766,-73.97854971
694,3418,Plaza St West & Flatbush Ave,40.675020700000005,-73.97111473
695,3419,Douglass St & 4 Ave,40.67927879999999,-73.98154004
696,3420,Douglass St & 3 Ave,40.6802133,-73.98432695
697,3421,Hoyt St & Warren St,40.6843549,-73.98901629
698,3422,Columbia St & Degraw St,40.6859296,-74.00242364
699,3423,West Drive & Prospect Park West,40.66106337,-73.97945255
700,3424,E 106 St & Lexington Ave,40.791976,-73.945993
701,3425,2 Ave  & E 104 St,40.789210499999996,-73.94370784
702,3426,JCBS Depot,40.70965083,-74.06860113
703,3427,Lafayette St & Jersey St,40.72430527,-73.99600983
704,3428,8 Ave & W 16 St,40.740983,-74.00170200000001
705,3429,Hanson Pl & Ashland Pl,40.68506807,-73.9779076
706,3430,Richardson St & N Henry St,40.71907891,-73.94223690000001
707,3431,E 35 St & 3 Ave,40.746524,-73.977885
708,3432,Bike in Movie Night | Prospect Park Bandshell,40.662987,-73.97691800000001
709,3434,W 88 St & West End Ave,40.79025417,-73.9771834
710,3435,Grand St & Elizabeth St,40.718821999999996,-73.99596
711,3436,Greenwich St & Hubert St,40.721319,-74.010065
712,3437,Riverside Dr & W 91 St,40.79313481,-73.97700369
713,3438,E 76 St & 3 Ave,40.77224854,-73.95842135
714,3439,Broadway & E 22 St - Valet Scan,40.740343200000005,-73.9895511
715,3440,Fulton St & Adams St,40.69241829,-73.98949474
716,3441,10 Hudson Yards,40.752957,-74.00264
717,3443,W 52 St & 6 Ave,40.76132983,-73.97982001
718,3445,Riverside Dr & W 89 St,40.79181172,-73.97860229
720,3447,E 71 St & 1 Ave,40.76703432,-73.9562273
721,3449,Eckford St & Engert Ave,40.72146256,-73.94800901
722,3450,Penn Station Valet - Valet Scan,40.7512836,-73.9969245
723,3452,Bayard St & Leonard St,40.71915572,-73.94885391
724,3453,Devoe St & Lorimer St,40.71335226,-73.94910336
725,3454,Leonard St & Maujer St,40.71036854,-73.94705951
726,3455,Schermerhorn St & 3 Ave,40.68680821,-73.98036182
727,3456,Jackson St & Leonard St,40.71638032,-73.94821286
728,3457,E 58 St & Madison Ave,40.76302594,-73.97209525
729,3458,W 55 St & 6 Ave,40.76309387,-73.97835016
730,3459,E 53 St & 3 Ave,40.75763228,-73.96930575
731,3461,Murray St & Greenwich St,40.71485151,-74.01122332
732,3462,E 44 St & 2 Ave,40.75118387,-73.97138715
733,3463,E 16 St & Irving Pl,40.73536706,-73.98797393
734,3464,W 37 St & Broadway,40.75227094,-73.98770571
735,3466,W 45 St & 6 Ave,40.75668721,-73.98257732
736,3467,W Broadway & Spring Street,40.72494672,-74.00165856
737,3468,NYCBS Depot - STY - Garage 4,40.730380100000005,-73.9747502
738,3469,India St & West St,40.73181402,-73.95995021
739,3470,Gowanus Tech Station,40.66980193,-73.99490476
740,3471,NYCBS Depot - GOW Annex,40.66888416,-73.99481356
741,3472,W 15 St & 10 Ave,40.74275383,-74.00747359
742,3474,6 Ave & Spring St,40.725255700000005,-74.00412083
743,3476,Norman Ave & Leonard St,40.72576997,-73.9507395
744,3477,39 St & 2 Ave - Citi Bike HQ at Industry City,40.65539977,-74.01062787
745,3478,2 Ave & 36 St - Citi Bike HQ at Industry City,40.65708867,-74.00870204
746,3479,Picnic Point,40.6851256,-74.02535319
748,3481,York St,40.71649,-74.04105
749,3483,Montgomery St,40.71942,-74.05099
750,3485,NYCBS Depot - RIS,40.725208,-73.974724
751,3486,Schermerhorn St & Bond St,40.68841743,-73.98451656
752,3487,Prototype Lab Motivate Headquarters,40.65659567,-74.00849283
754,3489,Gold St & Frankfort St,40.71069995,-74.00354147
755,3490,E 116 St & 2 Ave,40.796879,-73.93726099999999
756,3491,E 118 St & 1 Ave,40.797470000000004,-73.93504
757,3492,E 118 St & Park Ave,40.8005385,-73.9419949
758,3493,E 118 St & 3 Ave,40.799139000000004,-73.9389152
759,3494,E 115 St & Lexington Ave,40.797911,-73.9423
760,3495,E 114 St & 1 Ave,40.79456629999999,-73.9362541
761,3496,1 Ave & E 110 St,40.7923272,-73.9383
762,3497,Pleasant Ave & E 116 St,40.794987899999995,-73.9333349
763,3498,Pleasant Ave & E 120 St,40.7974772,-73.9311847
764,3499,2 Ave & E 122 St,40.8006721,-73.9349
765,3500,E 115 St & Madison Ave,40.7989445,-73.944846
766,3501,E 118 St & Madison Ave,40.801486600000004,-73.9442507
767,3502,Lexington Ave & E 111 St,40.79541210000001,-73.9441232
768,3503,Madison Ave & E 120 St,40.80295,-73.942954
769,3504,E 123 St & Lexington Ave,40.802926299999996,-73.9379
770,3505,Lexington Ave & E 127 St,40.805726,-73.936322
771,3506,Lexington Ave & E 120 St,40.8013066,-73.93981670000001
772,3507,Park Ave & E 124 St,40.8045555,-73.93968609999999
773,3508,St Nicholas Ave & Manhattan Ave,40.809725,-73.953149
774,3509,Lenox Ave & W 115 St,40.8011939,-73.9500739
775,3510,Adam Clayton Powell Blvd & W 123 St,40.8078316,-73.949373
776,3511,Adam Clayton Powell Blvd & W 115 St,40.802535,-73.9532423
777,3512,27 Ave & 4 St,40.7747175,-73.93378940000001
778,3513,21 St & Hoyt Ave S,40.774645,-73.92370600000001
779,3514,Astoria Park S & Shore Blvd,40.7767,-73.927631
780,3515,24 Ave & 26 St,40.774591,-73.918544
781,3516,31 St & Astoria Blvd,40.76991760000001,-73.91840570000001
782,3517,31 St & Hoyt Ave N,40.771152799999996,-73.9170074
783,3518,Lenox Ave & W 126 St,40.808442,-73.94520870000001
784,3520,Adam Clayton Powell Blvd & W 118 St,40.804372,-73.951475
785,3521,Lenox Ave & W 111 St,40.7987859,-73.9523
786,3522,37 St & 24 Ave,40.7701477,-73.9120938
787,3523,24 Ave & 29 St,40.7729,-73.91614200000001
788,3524,19 St & 24 Ave,40.777455200000006,-73.9225403
789,3525,23 Ave & 27 St,40.776165,-73.9153175
790,3526,31 St & 23 Ave,40.7747878,-73.91255509999999
791,3527,5 Ave & E 126 St,40.806979999999996,-73.94174699999999
792,3528,Steinway St & 23 Ave,40.771393700000004,-73.9077436
793,3529,Lenox Ave & W 130 St,40.8107922,-73.9430681
794,3530,Crescent St & Ditmars Blvd,40.7787185,-73.9145645
795,3531,Frederick Douglass Blvd & W 129 St,40.8125511,-73.9492286
796,3532,Ditmars Blvd & 19 St,40.78145,-73.9183302
797,3533,St. Nicholas Ave & W 126 St,40.8114323,-73.95187759999999
798,3534,Frederick Douglass Blvd & W 117 St,40.805159,-73.95469200000001
799,3535,Mt Morris Park W & W 120 St,40.804038,-73.945925
800,3536,W 116 St & Broadway,40.8082,-73.9641
801,3537,Carlton Ave & Dean St,40.68097410000001,-73.97100970000001
802,3538,W 110 St & Amsterdam Ave,40.802692,-73.96295
803,3539,W 116 St & Amsterdam Ave,40.8067581,-73.9607082
804,3540,Morningside Ave & W 123 St,40.81,-73.9551508
805,3541,Amsterdam Ave & W 125 St,40.813358,-73.956461
806,3542,Amsterdam Ave & W 119 St,40.8086249,-73.9596214
807,3543,Morningside Dr & Amsterdam Ave,40.81028506,-73.95736456
808,3544,Underhill Ave & Pacific St,40.6804836,-73.9646795
809,3545,Broadway & W 122 St,40.8120562,-73.9612547
810,3546,Pacific St & Classon Ave,40.67919439999999,-73.95879029999999
811,3547,Broadway & Moylan Pl,40.8143256,-73.9590255
812,3548,Pacific St & Bedford Ave,40.6777747,-73.9529322
813,3549,Grand Ave & Bergen St,40.678045000000004,-73.962408
814,3550,Convent Ave & W 129 St,40.81413,-73.953005
815,3551,3 Ave & E 112 St,40.795508,-73.94160600000001
816,3552,W 113 St & Broadway,40.805973,-73.964928
817,3553,Frederick Douglass Blvd & W 112 St,40.801694,-73.957145
818,3554,Vernon Blvd & 41 Rd,40.7552433,-73.94856779999999
819,3555,28 St & 41 Ave,40.751047,-73.93796999999999
820,3556,24 St & 41 Ave,40.752708500000004,-73.9397405
821,3557,40 Ave & 9 St,40.75742,-73.945133
822,3558,Bergen St & Vanderbilt Ave,40.6794388,-73.96804379999999
823,3559,21 St & 38 Ave,40.7576314,-73.9391224
824,3560,28 St & 38 Ave,40.754876,-73.934326
825,3561,37 Ave & 35 St,40.7531106,-73.9279917
826,3562,Classon Ave & St Marks Ave,40.676519799999994,-73.9596082
827,3563,28 St & 36 Ave,40.757186,-73.93271899999999
828,3564,21 St & 36 Ave,40.760185299999996,-73.9362726
829,3565,36 Ave & 10 St,40.7614376,-73.9411265
830,3566,Crescent St & 35 Ave,40.7596276,-73.93214549999999
831,3567,11 St & 35 Ave,40.76274420000001,-73.9391141
832,3568,34 St & 35 Ave,40.756933200000006,-73.92622309999999
833,3569,Franklin Ave & St Marks Ave,40.6758324,-73.95616770000001
834,3570,35 Ave & 37 St,40.7557327,-73.92366109999999
835,3571,Bedford Ave & Bergen St,40.676368,-73.95291800000001
836,3572,34 Ave & 38 St,40.756913,-73.921631
837,3573,35 St & 34 Ave,40.7580583,-73.92427509999999
838,3574,Prospect Pl & Underhill Ave,40.6769694,-73.96579
839,3575,Crescent St & 34 Ave,40.76108,-73.930562
840,3576,Park Pl & Vanderbilt Ave,40.6767,-73.969024
841,3577,34 Ave & 21 St,40.762813799999996,-73.9342862
842,3578,Park Pl & Franklin Ave,40.67418060000001,-73.95649470000001
843,3579,Sterling Pl & Bedford Ave,40.672695000000004,-73.954131
844,3580,St Johns Pl & Washington Ave,40.6737236,-73.9631611
845,3581,Underhill Ave & Lincoln Pl,40.674012299999994,-73.9671457
846,3582,Lincoln Pl & Classon Ave,40.672168299999996,-73.9609
847,3583,Eastern Pkwy & Washington Ave,40.6716493,-73.9631145
848,3584,Eastern Pkwy & Franklin Ave,40.670776700000005,-73.9576801
849,3585,Union St & Bedford Ave,40.6691783,-73.9554162
850,3586,34 Ave & 13 St,40.763875299999995,-73.9364848
851,3587,Carroll St & Washington Ave,40.6686744,-73.9618148
852,3588,Vernon Blvd & 10 St,40.7671863,-73.9373554
853,3589,Broadway & 12 St,40.7668,-73.93477740000002
854,3590,Carroll St & Franklin Ave,40.6679411,-73.9588
855,3591,21 St & 31 Dr,40.7659,-73.930819
856,3592,Crescent St & Broadway,40.7633589,-73.92864709999999
857,3593,31 St & Broadway,40.761584,-73.925921
858,3594,Montgomery St & Franklin Ave OLD,40.6661649,-73.95934840000001
859,3595,35 St & Broadway,40.760339,-73.9222427
860,3596,Sullivan Pl & Bedford Ave,40.6642406,-73.9574686
861,3597,43 St & Broadway,40.7577284,-73.9166368
862,3598,Newton Rd & 44 St,40.7595701,-73.91426779999999
863,3599,Franklin Ave & Empire Blvd,40.663140000000006,-73.96056949999999
864,3601,Sterling St & Bedford Ave,40.6627059,-73.9569115
865,3602,31 Ave & 34 St,40.763154,-73.920827
866,3603,31 Ave & 30 St,40.7647,-73.9240312
867,3604,Rogers Ave & Sterling St,40.6630619,-73.95387459999999
868,3605,31 Ave & Crescent St,40.765834600000005,-73.9265474
869,3606,49 Ave & 21 St,40.74252,-73.948852
870,3607,31 Ave & 14 St,40.7682,-73.9322662
871,3608,5 St & 51 Ave,40.7423737,-73.9566
872,3609,Vernon Blvd & 31 Ave,40.7692475,-73.93545040000001
873,3610,Vernon Blvd & 30 Rd,40.770845,-73.93417099999999
874,3611,Vernon Blvd & 47 Rd,40.7449067,-73.9534573
875,3612,30 Ave & 21 St,40.77037429999999,-73.9286078
876,3613,Center Blvd & 48 Ave,40.745038,-73.957539
877,3614,Crescent St & 30 Ave,40.768692,-73.9249574
878,3615,44 Dr & 21 St,40.748000000000005,-73.94609270000001
879,3616,Steinway St & 28 Ave,40.7656251,-73.9136695
880,3617,28 Ave & 35 St,40.7671,-73.9169858
881,3618,27 St & Hunter St,40.7485,-73.941275
882,3619,Newtown Ave & 23 St,40.7713615,-73.9246145
883,3620,11 St & 43 Ave,40.7519071,-73.94791190000001
884,3621,27 Ave & 9 St,40.7739825,-73.93091340000001
885,3622,E 128 St & Madison Ave,40.807559999999995,-73.93918199999999
886,3623,W 120 St & Claremont Ave,40.8109494,-73.9634
887,3625,28 St & 40 Ave,40.752575799999995,-73.9364281
888,3628,Lenox Ave & W 117 St,40.8025566,-73.9490782
889,3629,Adam Clayton Powell Blvd & W 126 St,40.80949535,-73.94776493
890,3630,Frederick Douglass Blvd & W 115 St,40.8038654,-73.95593079999999
891,3631,Crown St & Bedford Ave,40.666563000000004,-73.95674100000001
892,3632,E 12 St & Avenue B,40.72804857,-73.9788115
894,3635,W 36 St & 9 Ave,40.75462324,-73.99516761
895,3636,Expansion Warehouse 333 Johnson Ave,40.70773148,-73.93452287
896,3637,Fulton St & Waverly Ave,40.68323865,-73.96599591
897,3638,Washington St,40.7242941,-74.0354826
898,3639,Harborside,40.71925170000001,-74.034234
899,3640,Journal Square,40.733670000000004,-74.0625
900,3641,Broadway & W 25 St,40.74286877,-73.98918629
901,3642,E 98 St & Lexington Ave,40.7872852,-73.95012259
902,3643,E 41 St & 5 Ave,40.75272201,-73.98123622
903,3644,Van Dyke St & Van Brunt St,40.67581623,-74.01488185
904,3645,Pathmark Depot,40.67233267,-73.99706125
905,3646,35 Ave & 10 St,40.76315482,-73.9398551
906,3647,48 Ave & 30 Pl,40.74128309,-73.93725872
907,3648,Flushing Ave & Vanderbilt Ave,40.69795032,-73.9707756
908,3649,W 129 St & Convent Ave,40.81439444,-73.95324737
910,3651,Bike Mechanics at Riis Room A,40.72522577,-73.97468617
911,3652,NYCBS Depot - 3AV,40.67013328,-73.99230838
912,3653,31 St & 35 Ave,40.75820465,-73.92832159999999
913,3654,31 St & Northern Blvd,40.75186951,-73.9334929
914,3656,E 2 St & Avenue A,40.72307749,-73.98583621
915,3658,W 18 St & 9 Ave,40.74353373,-74.00367558
916,3659,W 17 St & 9 Ave,40.74294892,-74.00413692
917,3660,W 16 St & 8 Ave,40.74102151,-74.00138497
918,3661,Montgomery St & Franklin Ave,40.66643931,-73.96055639
919,3662,31 Ave & Steinway St,40.7612939,-73.91691685
920,3663,Sterling Pl & 7 Ave,40.67716489,-73.97382796
921,3664,North Moore St & Greenwich St,40.72019521,-74.01030064
922,3666,32 St & 30 Ave,40.76642553,-73.92062902
923,3668,Leonard St & Nassau Ave,40.72395678,-73.94984365
924,3669,Henry St & W 9 St,40.67630358,-74.00314048
925,3671,E 81 St & 2 Ave,40.77477945,-73.95427465
926,3672,Apache,40.66976709,-73.99474382
927,3673,Dean St & Franklin Ave,40.67759207,-73.95563722
928,3674,Jay St & York St,40.70140317,-73.9867267
929,3675,3 Ave & E 95 St,40.7845968,-73.94968539
930,3676,Van Brunt St & Van Dyke St,40.67583294,-74.01472628
931,3678,Fairmount Ave,40.72572614,-74.07195926
932,3680,E 43 St & 5 Ave,40.75412081,-73.98025185
933,3681,Grand St,40.71517768,-74.03768331
934,3683,Smart Cities Conference,40.71015471,-73.98453534
935,3684,W 12 St & W 4 St,40.73756121,-74.00398269
936,3685,Prospect Park - 5 Year Anniversary Celebration,40.66065237,-73.96459043
937,3686,Gansevoort St & Hudson St,40.739448200000005,-74.00507033
938,3687,E 33 St & 1 Ave,40.74322681,-73.97449784
939,3688,2 Ave & E 55 St,40.75792021,-73.96638215
940,3689,W 104 St & Amsterdam Ave,40.79904139,-73.96649479999999
941,3690,Park Pl & Church St,40.71334184,-74.00935516
942,3691,28 Ave & 44 St,40.76408932,-73.91065121
943,3692,5 St & Market St,40.69999748,-73.97440128
944,3693,N 11 St & Kent Ave,40.72248189,-73.95921931
945,3695,E 5 St & 2 Ave,40.72686952,-73.98919031
946,3697,W 64 St & Thelonious Monk Circle,40.77515953,-73.98918696
947,3699,W 50 St & 9 Ave,40.76360468,-73.98917958
948,3700,E 87 St & 3 Ave,40.77940609,-73.95333588
949,3701,Cliff St & Fulton St,40.70831794,-74.00504082
950,3704,47 Ave & Skillman Ave,40.74375241,-73.94176483
951,3705,Thompson St & Bleecker St,40.72840059,-73.99968781
952,3707,Lexington Ave & E 26 St,40.741459000000006,-73.983293
953,3708,W 13 St & 5 Ave,40.735445,-73.99431
954,3709,W 15 St & 6 Ave,40.73804614,-73.99642959
955,3711,E 13 St & Avenue A,40.72966729,-73.98067966
956,3712,W 35 St & Dyer Ave,40.75469175,-73.99740189
957,3714,Division Av & Hooper St,40.70684203,-73.95443540000001
958,3715,Driggs Ave & N 9 St,40.71816969,-73.95520136
959,3716,40 Ave & Crescent St,40.753599200000004,-73.93795609
960,3718,E 11 St & Avenue B,40.72746421,-73.97950418
961,3719,S Portland Ave & Atlantic Ave,40.68322254,-73.97381186
962,3720,Wyckoff St & Bond St,40.68461654,-73.98721285
963,3721,31 St & Newtown Ave,40.76754878,-73.92093346
964,3723,Cadman Plaza E & Johnson St,40.69531728,-73.99015725
965,3724,7 Ave & Central Park South,40.76674056,-73.97906899
966,3725,2 Ave & E 72 St,40.76876203,-73.95840794
967,3726,Center Blvd & 51 Ave,40.74336608,-73.95960689
968,3727,Frost St & Meeker Ave,40.71784798,-73.94752018
969,3728,Pierrepont St & Monroe Pl,40.69535693,-73.99344027
970,3733,Avenue C & E 18 St,40.730563000000004,-73.973984
971,3734,E 58 St &  1 Ave (NW Corner),40.759125,-73.96265799999999
972,3737,Stanton St & Norfolk St,40.720746999999996,-73.986274
973,3745,36 Ave & 31 St,40.75651273,-73.92957486
974,3746,6 Ave & Broome St,40.72430832,-74.00473036
975,3747,E 84 St & 3 Ave,40.77755374,-73.9551276
976,3749,Lexington Ave & E 36 St,40.74757396,-73.97880077
977,3755,DeKalb Ave & Franklin Ave,40.69064807,-73.95746179
978,3756,White St & Moore St,40.704508000000004,-73.9351
979,3757,Stagg St & Morgan Ave,40.710681,-73.93372
980,3758,George St & Wilson Ave,40.702996999999996,-73.92997
981,3759,Irving Ave & Jefferson St,40.70538,-73.92535
982,3760,Willoughby Ave & Wyckoff Ave,40.705614000000004,-73.92153
983,3761,Cedar St & Myrtle Ave,40.697842,-73.926241
984,3762,3 Ave & Carroll St,40.677027,-73.9865
985,3763,Wyckoff Av & Jefferson St,40.707165,-73.923711
986,3764,Bushwick Ave & McKibbin St,40.705517,-73.93936
987,3765,Bushwick Ave & Stagg St,40.709897,-73.94008000000001
988,3766,Sharon St & Olive St,40.715353,-73.93856
989,3767,Powers St & Olive St,40.713229999999996,-73.93894
990,3768,Waterbury St & Stagg St,40.710190000000004,-73.93734
991,3769,White St & Johnson Ave,40.707174,-73.93581
992,3770,Central Ave & Flushing Ave,40.702831,-73.9333
993,3771,McKibbin St & Bogart St,40.706237,-73.933871
994,3772,Devoe St & Morgan Ave,40.713811,-73.93515
995,3773,Knickerbocker Ave & Thames St,40.70539,-73.92976
996,3774,Knickerbocker Ave & George St,40.704425,-73.92836
997,3775,Suydam St & Knickerbocker Ave,40.702013,-73.923769
998,3776,Central Ave & Starr Street,40.700003,-73.92834
999,3777,Stockholm St & Wilson Ave,40.699304,-73.92304399999999
1000,3778,Irving Ave & DeKalb Ave,40.7027,-73.92095
1001,3779,Hart St & Wyckoff Ave,40.704876,-73.919911
1002,3780,Wyckoff Av & Stanhope St,40.703545,-73.917775
1003,3781,Greene Av & Myrtle Av,40.698568,-73.918877
1004,3782,Brooklyn Bridge Park - Pier 2,40.698458,-73.997178
1005,3783,Cliff St & Fulton St,40.70838,-74.00495
1006,3787,Dock 72 Way & Market St,40.69985,-73.97140999999999
1007,3788,E 12 St & 4 Av,40.732690000000005,-73.98974
1008,3789,Fulton St & Irving Pl,40.68186,-73.95943199999999
1009,3790,Henry St & Middagh St,40.7003,-73.99158100000001
1010,3791,Hoboken Ave at Monmouth St,40.73520838,-74.04696375
1011,3793,Stuyvesant Walk & 1 Av Loop,40.73233978,-73.97898383
1012,3795,10 St & 2 Ave,40.671907,-73.993612
1013,3798,W 40 St & 5 Ave,40.752269,-73.982079
1014,3799,6 Ave & W 34 St,40.74964,-73.98805
1015,3803,Bedford Ave & Montgomery St,40.665816,-73.95693399999999
1016,3804,Front St & Jay St,40.702461,-73.98684200000001
1017,3805,E 80 St & Park Ave,40.776173,-73.959757
1018,3809,W 55 St & 6 Ave,40.763201,-73.97845799999999
1019,3810,Central Park West & W 82 St,40.782593,-73.971211
1020,3811,27 Ave & 3 St,40.77485,-73.9342
1021,3812,University Pl & E 14 St,40.734814,-73.992085
1022,3814,E 56 St & Madison Ave,40.761573,-73.972628
1023,3815,E 51 St & 2 Ave,40.755293,-73.967641
1024,3816,Metropolitan Ave & Vandervoort Ave,40.714290000000005,-73.93323000000001
1025,3817,Withers St & Kingsland Ave,40.717729999999996,-73.94051
1026,3818,Calyer St & Jewel St,40.72984,-73.94839
1027,3819,Green St & McGuinness Blvd,40.733959999999996,-73.95204
1028,3820,Willoughby Ave & Myrtle Ave,40.69757,-73.93098
1029,3821,Evergreen Ave & Noll St,40.70106,-73.93318000000001
1030,3822,Bushwick Ave & Forrest St,40.700759999999995,-73.93641
1031,3823,Beaver St & Fayette St,40.700990000000004,-73.93921
1032,3824,Van Sinderen Ave & Truxton St,40.6786,-73.90369
1033,3825,Broadway & Furman Ave,40.68139,-73.90756
1034,3826,Moffat St & Bushwick,40.68458,-73.90925
1035,3827,Halsey St & Broadway,40.68565,-73.91564
1036,3828,Eldert St & Bushwick Ave,40.68652,-73.91320999999999
1037,3829,Central Ave & Decatur St,40.6882,-73.90798000000001
1038,3830,Halsey St & Evergreen Ave,40.68858,-73.91226999999999
1039,3831,Broadway & Hancock St,40.68663,-73.9168
1040,3832,Central Ave & Weirfield St,40.69055,-73.91181
1041,3833,Madison St & Evergreen Ave,40.69122,-73.91693000000001
1042,3834,Irving Ave & Halsey St,40.69467,-73.90663
1043,3835,Knickerbocker Ave & Hancock St,40.69385,-73.90974
1044,3836,Bushwick Ave & Linden St,40.69146,-73.92146
1045,3837,Broadway & Kosciuszko St,40.693290000000005,-73.92851999999999
1046,3838,Bushwick Ave & Harman St,40.69356,-73.92524
1047,3839,Putnam Ave & Knickerbocker Ave,40.69545,-73.91164
1048,3840,Putnam Ave & Wyckoff Ave,40.69811,-73.90904
1049,3841,Menahan St & Central Ave,40.69543,-73.9196
1050,3842,Bushwick Ave & Dekalb Ave,40.69502,-73.92825
1051,3843,Myrtle Ave & Grove St,40.69905,-73.91516
1052,3844,Myrtle Ave & Linden St,40.69943,-73.91337
1053,3845,Irving Ave & Harman St,40.70108,-73.9179
1054,3846,Central Ave & Himrod St,40.69676,-73.92302
1055,3847,Cedar St & Evergreen Ave,40.696709999999996,-73.92806999999999
1056,3848,Suydam St & Broadway,40.695440000000005,-73.93223
1057,3849,Suydam St & St. Nicholas Ave,40.70636,-73.91945
1058,3850,Jefferson St & Cypress Ave,40.709070000000004,-73.92156999999999
1059,3851,Metropolitan Ave & Stewart Ave,40.714009999999995,-73.92793
1060,3852,Stewart Ave & Johnson Ave,40.708690000000004,-73.92586999999999
1061,3853,Harrison Pl & Porter Ave,40.70686,-73.92851
1062,3854,Morgan Ave & Maspeth Ave,40.716657,-73.93637
1063,3855,Frost St & Debevoise Ave,40.71882,-73.93948
1064,3856,Kingsland Ave & Nassau Ave,40.725770000000004,-73.94173
1065,3857,Engert Ave & McGuinness Blvd,40.721579999999996,-73.94546
1066,3858,Kent St & McGuinness Blvd,40.73124,-73.95161
1067,3860,Wilson Ave & Troutman St,40.70166,-73.92754000000001
1068,3861,Menahan St & Wyckoff Ave,40.70113,-73.91422
1069,3862,Linden St & Knickerbocker Ave,40.697140000000005,-73.91566
1070,3863,Central Ave & Woodbine St,40.69296,-73.91605
1071,3864,Central Ave & Covert St,40.68929,-73.90951
1072,3865,Knickerbocker Ave & Cooper St,40.69081,-73.90448
1073,3866,Wilson Ave & Moffat St,40.68906,-73.90505999999999
1074,3867,Somers St & Broadway,40.67945,-73.90474
1075,3868,Knickerbocker Ave & Halsey St,40.693000000000005,-73.90824
1076,3869,Van Buren St & Broadway,40.692,-73.92617
1077,3870,Melrose St & Broadway,40.697480999999996,-73.935877
1078,3871,Bushwick Ave & Furman Ave,40.682809999999996,-73.90623000000001
1079,3872,Hancock St & Wyckoff Ave,40.6972,-73.90674
1080,3873,Madison St & Cypress Ave,40.70068,-73.90742
1081,3874,Menahan St & Seneca Ave,40.704609999999995,-73.91054
1082,3875,Stephen St & Seneca Ave,40.6988,-73.9007
1083,3876,Forest Ave & Summerfield St,40.699220000000004,-73.89795
1084,3878,Cypress Ave & George St,40.69812,-73.90271
1085,3879,Broadway & Madison St,40.68822,-73.91966
1086,3880,Willoughby Ave & Onderdonk Ave,40.7098,-73.91727
1087,3881,12 Ave & W 125 St,40.818298999999996,-73.96040500000001
1088,3882,Norman St & Wyckoff Ave,40.695170000000005,-73.90311
1089,3883,Harman St & Seneca Ave,40.70577,-73.91292
1090,3885,Onderdonk Ave & Gates Ave,40.70413,-73.90737
1091,3886,Menahan St & Onderdonk Ave,40.705529999999996,-73.9096
1092,3887,Flushing Ave & Woodward Ave,40.71246,-73.91873000000001
1093,3890,Grove St & Broadway,40.69047,-73.923511
1094,3891,Irving Ave & Palmetto St,40.698,-73.9127
1095,3892,38 Ave & 29 St,40.75473,-73.93366999999999
1096,3893,Rockaway Ave & Bainbridge St,40.68319988,-73.91166642
1097,3895,Cypress Ave & Palmetto St,40.70157341,-73.90876293
1098,3896,Madison St & Seneca Ave,40.70183,-73.90625
1099,3898,E 63 St & 3 Ave,40.763954,-73.9646
1100,3899,Manhattan Av & Leonard St,40.72084,-73.94844
1101,3900,Morgan Ave & Lombardy St,40.72226,-73.93889
1102,3901,Stanhope St & Fairview Ave,40.70998,-73.91116
1103,3903,Jefferson Ave & Evergreen Ave,40.689890000000005,-73.91458
1104,3908,Battery Pl & Greenwich St,40.70463,-74.01507
